t,speed,g,ab,hud_lum,cam_mean,dark_level_cam,cam_red,cam_red_edge,dark_level,strafe_lat,strafe_long,strafe_vert,roll,pitch,yaw,boost,view
0.0288,nan,0.0000,100.0000,255.0000,64.5010,0.0000,0.2937,0.3016,nan,0,0,0,0,0,0,0,0
0.1369,nan,0.0000,100.0000,255.0000,63.8816,0.0000,0.2934,0.3012,nan,0,0,0,0,0,0,0,0
0.1552,nan,0.0000,100.0000,255.0000,63.7914,0.0000,0.2933,0.3011,nan,0,0,0,0,0,0,0,0
0.1780,nan,0.0000,100.0000,255.0000,63.7143,0.0000,0.2934,0.3011,nan,0,0,0,0,0,0,0,0
0.2000,nan,0.0000,100.0000,255.0000,63.6255,0.0000,0.2933,0.3010,nan,0,0,0,0,0,0,0,0
0.2197,nan,0.0000,100.0000,255.0000,63.5714,0.0000,0.2932,0.3010,nan,0,0,0,0,0,0,0,0
0.2388,nan,0.0000,100.0000,255.0000,63.4869,0.0000,0.2932,0.3009,nan,0,0,0,0,0,0,0,0
0.2592,nan,0.0000,100.0000,255.0000,63.4317,0.0000,0.2931,0.3009,nan,0,0,0,0,0,0,0,0
0.2830,nan,0.0000,100.0000,255.0000,63.3233,0.0000,0.2931,0.3009,nan,0,0,0,0,0,0,0,0
0.3064,nan,0.0000,100.0000,255.0000,63.2477,0.0000,0.2931,0.3008,nan,0,0,0,0,0,0,0,0
0.3269,nan,0.0000,100.0000,255.0000,63.1953,0.0000,0.2931,0.3008,nan,0,0,0,0,0,0,0,0
0.3482,nan,0.0000,100.0000,255.0000,63.1311,0.0000,0.2931,0.3008,nan,0,0,0,0,0,0,0,0
0.3686,0.0000,0.0000,100.0000,255.0000,63.0873,0.0000,0.2931,0.3008,nan,0,0,0,0,0,0,0,0
0.3890,0.0000,0.0000,100.0000,255.0000,63.0554,0.0000,0.2931,0.3007,nan,0,0,0,0,0,0,0,0
0.4122,0.0000,0.0000,100.0000,255.0000,63.0086,0.0000,0.2931,0.3007,nan,0,0,0,0,0,0,0,0
0.4333,0.0000,0.0000,100.0000,255.0000,62.9636,0.0000,0.2930,0.3007,nan,0,0,0,0,0,0,0,0
0.4543,0.0000,0.0000,100.0000,255.0000,62.8947,0.0000,0.2930,0.3007,nan,0,0,0,0,0,0,0,0
0.4725,0.0000,0.0000,100.0000,255.0000,62.8433,0.0000,0.2930,0.3006,nan,0,0,0,0,0,0,0,0
0.4932,0.0000,0.0000,100.0000,255.0000,62.8327,0.0000,0.2930,0.3006,nan,0,0,0,0,0,0,0,0
0.5146,0.0000,0.0000,100.0000,255.0000,62.7557,0.0000,0.2930,0.3006,nan,0,0,0,0,0,0,0,0
0.5354,0.0000,0.0000,100.0000,255.0000,62.7280,0.0004,0.2930,0.3006,nan,0,0,0,0,0,0,0,0
0.6372,nan,0.0000,100.0000,255.0000,62.6150,0.0022,0.2930,0.3005,nan,0,0,0,0,0,0,0,0
0.6557,nan,0.0000,100.0000,255.0000,62.6141,0.0023,0.2930,0.3005,nan,0,0,0,0,0,0,0,0
0.6773,0.0000,0.0000,100.0000,255.0000,62.5954,0.0026,0.2930,0.3005,nan,0,0,0,0,0,0,0,0
0.7025,nan,0.0000,100.0000,255.0000,62.5255,0.0037,0.2930,0.3005,nan,0,0,0,0,0,0,0,0
0.7224,nan,0.0000,100.0000,255.0000,62.5378,0.0035,0.2930,0.3005,nan,0,0,0,0,0,0,0,0
0.7434,nan,0.0000,100.0000,255.0000,62.5392,0.0034,0.2930,0.3005,nan,0,0,0,0,0,0,0,0
0.7657,nan,0.0000,100.0000,255.0000,62.5216,0.0037,0.2929,0.3005,nan,0,0,0,0,0,0,0,0
0.7851,nan,0.0000,100.0000,255.0000,62.5171,0.0038,0.2929,0.3005,nan,0,0,0,0,0,0,0,0
0.8055,nan,0.0000,100.0000,255.0000,62.4559,0.0048,0.2930,0.3005,nan,0,0,0,0,0,0,0,0
0.8270,nan,0.0000,100.0000,255.0000,62.4382,0.0051,0.2929,0.3005,nan,0,0,0,0,0,0,0,0
0.8484,nan,0.0000,100.0000,255.0000,62.4389,0.0050,0.2929,0.3005,nan,0,0,0,0,0,0,0,0
0.8691,0.0000,0.0000,100.0000,255.0000,62.4169,0.0054,0.2930,0.3005,nan,0,0,0,0,0,0,0,0
0.8887,0.0000,0.0000,100.0000,255.0000,62.4297,0.0052,0.2929,0.3005,nan,0,0,0,0,0,0,0,0
0.9098,0.0000,0.0000,100.0000,255.0000,62.4203,0.0053,0.2930,0.3005,nan,0,0,0,0,0,0,0,0
0.9334,0.0000,0.0000,100.0000,255.0000,62.3653,0.0062,0.2929,0.3005,nan,0,0,0,0,0,0,0,0
0.9523,0.0000,0.0000,100.0000,255.0000,62.3518,0.0064,0.2930,0.3005,nan,0,0,0,0,0,0,0,0
0.9716,0.0000,0.0000,100.0000,255.0000,62.3452,0.0065,0.2930,0.3005,nan,0,0,0,0,0,0,0,0
0.9893,0.0000,0.0000,100.0000,255.0000,62.3296,0.0068,0.2929,0.3005,nan,0,0,0,0,0,0,0,0
1.0096,nan,0.0000,100.0000,255.0000,62.3008,0.0072,0.2929,0.3005,0.0075,0,0,0,0,0,0,0,0
1.0376,0.0000,0.0000,100.0000,255.0000,62.3321,0.0068,0.2929,0.3005,0.0073,0,0,1,1,0,0,0,0
1.1454,nan,1.6000,100.0000,255.0000,62.3135,0.0070,0.2930,0.3005,0.0073,0,0,1,1,0,0,0,0
1.1644,nan,3.3000,100.0000,255.0000,62.2776,0.0076,0.2930,0.3006,0.0076,0,0,1,1,0,0,0,0
1.1857,1.0000,4.1000,100.0000,255.0000,62.1586,0.0095,0.2930,0.3006,0.0085,0,0,1,1,0,0,0,0
1.2060,2.0000,5.0000,100.0000,255.0000,62.0331,0.0115,0.2929,0.3006,0.0098,0,0,1,1,0,0,0,0
1.2271,3.0000,5.8000,100.0000,255.0000,61.8696,0.0141,0.2929,0.3007,0.0117,0,0,1,1,0,0,0,0
1.2474,5.0000,7.5000,100.0000,255.0000,61.4007,0.0216,0.2929,0.3007,0.0157,0,0,1,1,0,0,0,0
1.2688,6.0000,8.3000,100.0000,255.0000,61.1469,0.0256,0.2929,0.3007,0.0198,0,0,1,1,0,0,0,0
1.2890,8.0000,9.2000,100.0000,255.0000,60.7716,0.0316,0.2928,0.3008,0.0247,0,0,1,1,0,0,0,0
1.3065,10.0000,10.0000,100.0000,255.0000,60.3965,0.0376,0.2928,0.3008,0.0299,0,0,1,1,0,0,0,0
1.3233,11.0000,10.0000,100.0000,255.0000,59.9542,0.0446,0.2928,0.3009,0.0359,0,0,1,1,0,0,0,0
1.3441,13.0000,10.0000,100.0000,255.0000,59.4241,0.0531,0.2927,0.3009,0.0429,0,0,1,1,0,0,0,0
1.3652,16.0000,10.0000,100.0000,255.0000,58.1099,0.0740,0.2924,0.3009,0.0555,0,0,1,1,0,0,0,0
1.3856,18.0000,10.0000,100.0000,255.0000,57.3399,0.0863,0.2923,0.3009,0.0679,0,0,1,1,0,0,0,0
1.4035,19.0000,10.0000,100.0000,255.0000,56.4550,0.1004,0.2921,0.3009,0.0810,0,0,1,1,0,0,0,0
1.4219,21.0000,10.0000,100.0000,255.0000,55.5006,0.1156,0.2919,0.3008,0.0950,0,0,1,1,0,0,0,0
1.4440,23.0000,10.0000,100.0000,255.0000,54.4024,0.1331,0.2917,0.3006,0.1103,0,0,1,1,0,0,0,0
1.4638,26.0000,10.0000,100.0000,255.0000,51.7641,0.1751,0.2908,0.3001,0.1364,0,0,1,1,0,0,0,0
1.4871,27.0000,10.0000,100.0000,255.0000,50.3272,0.1980,0.2908,0.2999,0.1611,0,0,1,1,0,0,0,0
1.5056,29.0000,10.0000,100.0000,255.0000,48.8443,0.2217,0.2905,0.2999,0.1854,0,0,1,1,0,0,0,0
1.5300,31.0000,10.0000,100.0000,255.0000,47.3212,0.2459,0.2903,0.2998,0.2097,0,0,1,1,0,0,0,0
1.5528,34.0000,10.0000,100.0000,255.0000,44.3243,0.2937,0.2895,0.2996,0.2434,0,0,1,1,0,0,0,0
1.6564,43.0000,10.0000,100.0000,255.0000,35.9732,0.4268,0.2880,0.2995,0.3168,0,0,1,1,0,0,0,0
1.6759,44.0000,10.0000,100.0000,255.0000,34.9462,0.4431,0.2881,0.2999,0.3674,0,0,1,1,0,0,0,0
1.7001,47.0000,10.0000,100.0000,255.0000,33.2851,0.4696,0.2889,0.3016,0.4084,0,0,1,1,0,0,0,0
1.7196,48.0000,10.0000,100.0000,255.0000,32.8009,0.4773,0.2891,0.3013,0.4360,0,0,1,1,0,0,0,0
1.7387,50.0000,10.0000,100.0000,255.0000,32.0762,0.4889,0.2890,0.3003,0.4572,0,0,1,1,0,0,0,0
1.7599,51.0000,10.0000,100.0000,255.0000,30.8156,0.5090,0.2889,0.2990,0.4780,0,0,1,1,0,0,0,0
1.7829,54.0000,10.0000,100.0000,255.0000,26.7505,0.5737,0.2886,0.2963,0.5163,0,0,1,1,0,0,0,0
1.8023,55.0000,10.0000,100.0000,255.0000,24.7315,0.6059,0.2885,0.2931,0.5522,0,0,1,1,0,0,0,0
1.8203,56.0000,10.0000,100.0000,255.0000,23.8271,0.6203,0.2891,0.2909,0.5795,0,0,1,1,0,0,0,0
1.8387,57.0000,10.0000,100.0000,255.0000,23.8236,0.6204,0.2895,0.2911,0.5959,0,0,1,1,0,0,0,0
1.8603,58.0000,10.0000,100.0000,255.0000,24.1594,0.6150,0.2891,0.2925,0.6036,0,0,1,1,0,0,0,0
1.8812,60.0000,10.0000,100.0000,255.0000,24.4511,0.6104,0.2885,0.2990,0.6064,0,0,1,1,0,0,0,0
1.9025,61.0000,10.0000,100.0000,255.0000,24.2276,0.6139,0.2880,0.3005,0.6094,0,0,1,1,0,0,0,0
1.9223,62.0000,10.0000,100.0000,255.0000,23.4520,0.6263,0.2867,0.3012,0.6162,0,0,1,1,0,0,0,0
1.9479,63.0000,10.0000,100.0000,255.0000,22.2529,0.6454,0.2854,0.3022,0.6279,0,0,1,1,0,0,0,0
1.9682,64.0000,10.0000,100.0000,255.0000,20.1315,0.6792,0.2811,0.2975,0.6485,0,0,1,1,0,0,0,0
1.9885,65.0000,10.0000,100.0000,255.0000,20.2613,0.6771,0.2795,0.2929,0.6600,0,0,1,1,0,0,0,0
2.0095,65.0000,10.0000,100.0000,255.0000,21.5608,0.6564,0.2791,0.2897,0.6586,0,0,1,1,0,0,0,0
2.0267,66.0000,10.0000,100.0000,255.0000,23.5272,0.6251,0.2803,0.2910,0.6452,0,0,1,1,0,0,0,0
2.0483,67.0000,10.0000,100.0000,255.0000,27.6424,0.5595,0.2831,0.2947,0.6110,0,0,1,1,0,0,0,0
2.0690,67.0000,10.0000,100.0000,255.0000,29.5090,0.5298,0.2840,0.2954,0.5786,0,0,1,1,0,0,0,0
2.1698,68.0000,10.0000,100.0000,255.0000,41.8376,0.3333,0.2882,0.2990,0.4806,0,0,1,1,0,0,0,0
2.1910,68.0000,10.0000,100.0000,255.0000,43.9790,0.2992,0.2888,0.2992,0.4081,0,0,1,1,0,0,0,0
2.2102,68.0000,10.0000,100.0000,255.0000,46.2839,0.2625,0.2894,0.2995,0.3499,0,0,1,1,0,0,0,0
2.2335,68.0000,10.0000,100.0000,255.0000,51.2452,0.1834,0.2904,0.3001,0.2834,0,0,1,1,0,0,0,0
2.2562,68.0000,10.0000,100.0000,255.0000,53.9775,0.1399,0.2911,0.3010,0.2261,0,0,1,1,0,0,0,0
2.2771,67.0000,10.0000,100.0000,255.0000,56.5642,0.0987,0.2918,0.3017,0.1752,0,0,1,1,0,0,0,0
2.2976,67.0000,10.0000,100.0000,255.0000,58.1704,0.0731,0.2917,0.3014,0.1345,0,0,1,1,0,0,0,0
2.3192,66.0000,10.0000,100.0000,255.0000,59.1534,0.0574,0.2919,0.3013,0.1038,0,0,1,1,0,0,0,0
2.3382,66.0000,10.0000,100.0000,255.0000,60.4691,0.0364,0.2923,0.3013,0.0770,0,0,1,1,0,0,0,0
2.3563,65.0000,10.0000,100.0000,255.0000,61.4020,0.0216,0.2926,0.3013,0.0549,0,0,1,1,0,0,0,0
2.3768,65.0000,10.0000,100.0000,255.0000,62.0301,0.0116,0.2927,0.3015,0.0377,0,0,1,1,0,0,0,0
2.3984,63.0000,10.0000,100.0000,255.0000,62.4414,0.0050,0.2930,0.3022,0.0247,0,0,1,1,0,0,0,0
2.4192,62.0000,10.0000,100.0000,255.0000,63.1090,0.0000,0.2933,0.3024,0.0148,0,0,1,1,0,0,0,0
2.4391,62.0000,10.0000,100.0000,255.0000,63.7156,0.0000,0.2934,0.3022,0.0089,0,0,1,1,0,0,0,0
2.4597,61.0000,10.0000,100.0000,255.0000,64.0678,0.0000,0.2933,0.3020,0.0053,0,0,1,1,0,0,0,0
2.4828,59.0000,10.0000,100.0000,255.0000,64.5391,0.0000,0.2934,0.3024,0.0032,0,0,1,1,0,0,0,0
2.5023,58.0000,10.0000,100.0000,255.0000,64.2963,0.0000,0.2934,0.3027,0.0019,0,0,1,1,0,0,0,0
2.5223,57.0000,10.0000,100.0000,255.0000,63.2833,0.0000,0.2933,0.3027,0.0012,0,0,1,1,0,0,0,0
2.5444,56.0000,10.0000,100.0000,255.0000,61.7969,0.0153,0.2932,0.3027,0.0069,0,0,1,1,0,0,0,0
2.5645,53.0000,10.0000,100.0000,255.0000,59.1032,0.0582,0.2933,0.3032,0.0275,0,0,1,1,0,0,0,0
2.5855,52.0000,10.0000,100.0000,255.0000,57.8686,0.0779,0.2934,0.3034,0.0478,0,0,1,1,0,0,0,0
2.6831,44.0000,10.0000,100.0000,255.0000,50.5337,0.1948,0.2915,0.2997,0.1067,0,0,1,1,0,0,0,0
2.7027,42.0000,10.0000,100.0000,255.0000,49.1691,0.2165,0.2910,0.2980,0.1507,0,0,1,1,0,0,0,0
2.7219,41.0000,10.0000,100.0000,255.0000,47.8301,0.2378,0.2903,0.2954,0.1856,0,0,1,1,0,0,0,0
2.7437,39.0000,10.0000,100.0000,253.0000,46.3570,0.2613,0.2893,0.2908,0.2160,0,0,1,1,0,0,0,0
2.7657,36.0000,10.0000,100.0000,253.0000,44.0008,0.2989,0.2873,0.2690,0.2492,0,0,1,1,0,0,0,0
2.7861,35.0000,10.0000,100.0000,253.0000,43.3871,0.3086,0.2867,0.2523,0.2731,0,0,1,1,0,0,0,0
2.8055,33.0000,10.0000,100.0000,254.0000,43.6231,0.3049,0.2867,0.2558,0.2859,0,0,1,1,0,0,0,0
2.8306,31.0000,10.0000,100.0000,255.0000,44.6273,0.2889,0.2875,0.2750,0.2872,0,0,1,1,0,0,0,0
2.8529,28.0000,10.0000,100.0000,255.0000,47.6126,0.2413,0.2893,0.2945,0.2689,0,0,1,1,0,0,0,0
2.8733,26.0000,10.0000,100.0000,255.0000,49.0965,0.2177,0.2900,0.2976,0.2485,0,0,1,1,0,0,0,0
2.8930,25.0000,10.0000,100.0000,255.0000,50.5347,0.1947,0.2906,0.2991,0.2271,0,0,1,1,0,0,0,0
2.9165,22.0000,10.0000,100.0000,255.0000,53.2657,0.1512,0.2914,0.3007,0.1968,0,0,1,1,0,0,0,0
2.9359,20.0000,10.0000,100.0000,255.0000,54.6351,0.1294,0.2917,0.3014,0.1700,0,0,1,1,0,0,0,0
2.9549,19.0000,10.0000,100.0000,255.0000,56.0685,0.1066,0.2920,0.3020,0.1447,0,0,1,1,0,0,0,0
2.9727,17.0000,10.0000,100.0000,255.0000,57.5268,0.0833,0.2922,0.3023,0.1203,0,0,1,1,0,0,0,0
2.9933,16.0000,10.0000,100.0000,255.0000,58.9295,0.0610,0.2923,0.3024,0.0967,0,0,1,1,0,0,0,0
3.0136,14.0000,10.0000,100.0000,255.0000,61.8492,0.0144,0.2925,0.3022,0.0639,0,0,1,1,0,0,0,0
3.0362,13.0000,10.0000,100.0000,255.0000,63.3227,0.0000,0.2926,0.3020,0.0383,0,0,1,1,0,0,0,0
3.0561,12.0000,10.0000,100.0000,255.0000,64.9472,0.0000,0.2929,0.3022,0.0230,0,0,1,1,0,0,0,0
3.0778,12.0000,10.0000,100.0000,255.0000,66.8126,0.0000,0.2935,0.3028,0.0138,0,0,1,1,0,0,0,0
3.1000,12.0000,10.0000,100.0000,255.0000,69.6287,0.0000,0.2946,0.3032,0.0083,0,0,1,1,0,0,0,0
3.2066,19.0000,10.0000,100.0000,255.0000,71.1705,0.0000,0.2974,0.3059,0.0050,0,0,1,1,0,0,0,0
3.2282,21.0000,10.0000,100.0000,255.0000,70.3984,0.0000,0.2975,0.3061,0.0030,0,0,1,1,0,0,0,0
3.2481,24.0000,10.0000,100.0000,255.0000,68.2395,0.0000,0.2975,0.3064,0.0018,0,0,1,1,0,0,0,0
3.2688,25.0000,10.0000,100.0000,255.0000,66.6220,0.0000,0.2973,0.3064,0.0011,0,0,1,1,0,0,0,0
3.2885,27.0000,10.0000,100.0000,255.0000,64.6739,0.0000,0.2972,0.3065,0.0006,0,0,1,1,0,0,0,0
3.3102,29.0000,10.0000,100.0000,255.0000,62.4285,0.0052,0.2969,0.3064,0.0026,0,0,1,1,0,0,0,0
3.3323,32.0000,10.0000,100.0000,255.0000,56.9766,0.0921,0.2960,0.3058,0.0385,0,0,1,1,0,0,0,0
3.3523,33.0000,10.0000,100.0000,255.0000,54.1643,0.1369,0.2956,0.3054,0.0780,0,0,1,1,0,0,0,0
3.3721,35.0000,10.0000,100.0000,255.0000,51.4608,0.1800,0.2953,0.3051,0.1189,0,0,1,1,0,0,0,0
3.3922,37.0000,10.0000,100.0000,255.0000,48.7985,0.2224,0.2950,0.3049,0.1604,0,0,1,1,0,0,0,0
3.4151,40.0000,10.0000,100.0000,255.0000,44.1678,0.2962,0.2945,0.3051,0.2148,0,0,1,1,0,0,0,0
3.4355,41.0000,10.0000,100.0000,255.0000,42.1223,0.3288,0.2943,0.3050,0.2605,0,0,1,1,0,0,0,0
3.4553,43.0000,10.0000,100.0000,255.0000,40.2485,0.3586,0.2940,0.3050,0.2998,0,0,1,1,0,0,0,0
3.4776,44.0000,10.0000,100.0000,255.0000,38.6739,0.3837,0.2939,0.3053,0.3335,0,0,1,1,0,0,0,0
3.4977,47.0000,10.0000,100.0000,254.0000,36.3043,0.4215,0.2950,0.3066,0.3687,0,0,1,1,0,0,0,0
3.5191,49.0000,10.0000,100.0000,254.0000,35.6786,0.4315,0.2952,0.3064,0.3939,0,0,1,1,0,0,0,0
3.5383,50.0000,10.0000,100.0000,253.0000,34.9497,0.4431,0.2950,0.3052,0.4136,0,0,1,1,0,0,0,0
3.5595,51.0000,10.0000,100.0000,252.0000,33.6558,0.4637,0.2949,0.3042,0.4337,0,0,1,1,0,0,0,0
3.5822,54.0000,10.0000,100.0000,249.0000,29.0157,0.5376,0.2948,0.3018,0.4754,0,0,1,1,0,0,0,0
3.6032,55.0000,10.0000,100.0000,246.0000,26.9063,0.5713,0.2950,0.2998,0.5138,0,0,1,1,0,0,0,0
3.7049,61.0000,10.0000,100.0000,249.0000,26.2962,0.5810,0.2954,0.3061,0.5407,0,0,1,1,0,0,0,0
3.7265,62.0000,10.0000,100.0000,247.0000,25.3130,0.5966,0.2949,0.3074,0.5631,0,0,1,1,0,0,0,0
3.7497,63.0000,10.0000,100.0000,241.0000,22.6056,0.6398,0.2928,0.3084,0.5938,0,0,1,1,0,0,0,0
3.7688,64.0000,10.0000,100.0000,238.0000,21.6239,0.6554,0.2909,0.3046,0.6185,0,0,1,1,0,0,0,0
3.7907,65.0000,10.0000,100.0000,235.0000,21.8705,0.6515,0.2900,0.3014,0.6317,0,0,1,1,0,0,0,0
3.8096,65.0000,10.0000,100.0000,238.0000,23.3417,0.6281,0.2902,0.2996,0.6303,0,0,1,1,0,0,0,0
3.8309,66.0000,10.0000,100.0000,239.0000,27.4536,0.5625,0.2927,0.3025,0.6033,0,0,1,1,0,0,0,0
3.8539,67.0000,10.0000,100.0000,238.0000,29.4925,0.5300,0.2939,0.3039,0.5740,0,0,1,1,0,0,0,0
3.8724,67.0000,10.0000,100.0000,236.0000,31.4543,0.4988,0.2949,0.3046,0.5440,0,0,1,1,0,0,0,0
3.8929,68.0000,10.0000,100.0000,235.0000,33.5572,0.4653,0.2958,0.3050,0.5126,0,0,1,1,0,0,0,0
3.9165,68.0000,10.0000,100.0000,251.0000,37.6067,0.4007,0.2974,0.3067,0.4679,0,0,1,1,0,0,0,0
3.9363,68.0000,10.0000,100.0000,254.0000,39.7704,0.3663,0.2983,0.3076,0.4273,0,0,1,1,0,0,0,0
3.9552,68.0000,10.0000,100.0000,255.0000,41.8545,0.3331,0.2990,0.3080,0.3897,0,0,1,1,0,0,0,0
3.9773,68.0000,10.0000,100.0000,255.0000,43.9648,0.2994,0.2996,0.3083,0.3537,0,0,1,1,0,0,0,0
3.9983,68.0000,10.0000,100.0000,254.0000,48.4986,0.2272,0.3007,0.3089,0.3032,0,0,1,1,0,0,0,0
4.0191,68.0000,10.0000,100.0000,251.0000,50.9434,0.1882,0.3014,0.3094,0.2573,0,0,1,1,0,0,0,0
4.0384,68.0000,10.0000,100.0000,252.0000,53.5449,0.1468,0.3020,0.3098,0.2132,0,0,1,1,0,0,0,0
4.0598,68.0000,10.0000,100.0000,252.0000,56.3257,0.1025,0.3027,0.3107,0.1690,0,0,1,1,0,0,0,0
4.0848,67.0000,10.0000,100.0000,253.0000,59.9518,0.0447,0.3037,0.3113,0.1194,0,0,1,1,0,0,0,0
4.1051,67.0000,10.0000,100.0000,253.0000,60.0451,0.0432,0.3037,0.3114,0.0890,0,0,1,1,0,0,0,0
4.2065,63.0000,10.0000,100.0000,253.0000,64.0696,0.0000,0.3058,0.3127,0.0534,0,0,1,1,0,0,0,0
4.2284,62.0000,10.0000,100.0000,254.0000,64.7051,0.0000,0.3061,0.3129,0.0321,0,0,1,1,0,0,0,0
4.2482,61.0000,10.0000,100.0000,254.0000,65.5885,0.0000,0.3064,0.3130,0.0192,0,0,1,1,0,0,0,0
4.2685,60.0000,10.0000,100.0000,254.0000,65.8747,0.0000,0.3066,0.3133,0.0115,0,0,1,1,0,0,0,0
4.2886,59.0000,10.0000,100.0000,253.0000,65.9132,0.0000,0.3069,0.3136,0.0069,0,0,1,1,0,0,0,0
4.3099,58.0000,10.0000,100.0000,251.0000,65.4619,0.0000,0.3070,0.3138,0.0042,0,0,1,1,0,0,0,0
4.3333,56.0000,10.0000,100.0000,252.0000,62.6248,0.0021,0.3070,0.3138,0.0034,0,0,1,1,0,0,0,0
4.3551,54.0000,10.0000,100.0000,253.0000,61.1682,0.0253,0.3072,0.3141,0.0123,0,0,1,1,0,0,0,0
4.3767,53.0000,10.0000,100.0000,253.4600,59.7664,0.0476,0.3075,0.3145,0.0266,0,0,1,1,0,0,0,0
4.3984,51.0000,10.0000,100.0000,242.0000,57.1579,0.0892,0.3079,0.3148,0.0517,0,0,1,1,0,0,0,0
4.4195,49.0000,10.0000,100.0000,228.0000,55.9391,0.1086,0.3080,0.3148,0.0746,0,0,1,1,0,0,0,0
4.4396,48.0000,10.0000,100.0000,219.0000,54.6682,0.1289,0.3079,0.3146,0.0964,0,0,1,1,0,0,0,0
4.4602,47.0000,10.0000,100.0000,215.0000,53.3249,0.1503,0.3080,0.3143,0.1181,0,0,1,1,0,0,0,0
4.4818,44.0000,10.0000,100.0000,214.0000,50.7653,0.1911,0.3076,0.3132,0.1474,0,0,1,1,0,0,0,0
4.5031,42.0000,10.0000,100.0000,214.0000,49.4064,0.2127,0.3075,0.3123,0.1736,0,0,1,1,0,0,0,0
4.5221,41.0000,10.0000,100.0000,213.0000,48.0760,0.2339,0.3071,0.3107,0.1978,0,0,1,1,0,0,0,0
4.5405,39.0000,10.0000,100.0000,212.0000,46.6083,0.2573,0.3066,0.3078,0.2217,0,0,1,1,0,0,0,0
4.5601,38.0000,10.0000,100.0000,208.0000,45.2888,0.2783,0.3062,0.3032,0.2444,0,0,1,1,0,0,0,0
4.5808,34.0000,10.0000,100.0000,208.0000,43.7808,0.3024,0.3056,0.2847,0.2677,0,0,1,1,0,0,0,0
4.6022,33.0000,10.0000,100.0000,207.0000,44.0764,0.2977,0.3060,0.2884,0.2798,0,0,1,1,0,0,0,0
4.6202,31.0000,10.0000,100.0000,206.0000,45.1618,0.2804,0.3066,0.3002,0.2801,0,0,1,1,0,0,0,0
4.7229,21.0000,10.0000,100.0000,214.0000,54.0042,0.1395,0.3103,0.3159,0.2239,0,0,1,1,0,0,0,0
4.7441,20.0000,10.0000,100.0000,219.0000,55.4235,0.1168,0.3107,0.3165,0.1812,0,0,1,1,0,0,0,0
4.7664,17.0000,10.0000,100.0000,216.0000,58.3332,0.0705,0.3113,0.3172,0.1370,0,0,1,1,0,0,0,0
4.7860,16.0000,10.0000,100.0000,219.0000,59.7653,0.0477,0.3115,0.3174,0.1014,0,0,1,1,0,0,0,0
4.8053,15.0000,10.0000,100.0000,218.0000,61.2048,0.0247,0.3117,0.3175,0.0708,0,0,1,1,0,0,0,0
4.8267,14.0000,10.0000,100.0000,219.0000,62.7094,0.0007,0.3119,0.3175,0.0429,0,0,1,1,0,0,0,0
4.8491,12.0000,10.0000,100.0000,216.0000,65.8754,0.0000,0.3126,0.3179,0.0258,0,0,1,1,0,0,0,0
4.8714,12.0000,10.0000,100.0000,213.9400,67.6956,0.0000,0.3132,0.3184,0.0155,0,0,1,1,0,0,0,0
4.8943,12.0000,10.0000,100.0000,215.0000,69.5114,0.0000,0.3136,0.3186,0.0093,0,0,1,1,0,0,0,0
4.9157,13.0000,10.0000,100.0000,222.0000,70.7260,0.0000,0.3142,0.3188,0.0056,0,0,1,1,0,0,0,0
4.9361,14.0000,10.0000,100.0000,226.0000,70.5631,0.0000,0.3145,0.3190,0.0033,0,0,1,1,0,0,0,0
4.9572,15.0000,10.0000,100.0000,231.0000,70.2636,0.0000,0.3147,0.3192,0.0020,0,0,1,1,0,0,0,0
4.9765,16.0000,10.0000,100.0000,239.0000,70.5799,0.0000,0.3150,0.3194,0.0012,0,0,1,1,0,0,0,0
4.9979,19.0000,10.0000,100.0000,246.0000,71.7630,0.0000,0.3159,0.3203,0.0007,0,0,1,1,0,0,0,0
5.0189,21.0000,10.0000,100.0000,249.0000,70.9161,0.0000,0.3161,0.3205,0.0004,0,0,1,1,0,0,0,0
5.0377,22.0000,10.0000,100.0000,251.0000,69.9170,0.0000,0.3162,0.3207,0.0003,0,0,1,1,0,0,0,0
5.0602,24.0000,10.0000,100.0000,252.0000,68.6210,0.0000,0.3163,0.3208,0.0002,0,0,1,1,0,0,0,0
5.0822,27.0000,10.0000,100.0000,252.0000,65.0199,0.0000,0.3163,0.3210,0.0001,0,0,1,1,0,0,0,0
5.1024,29.0000,10.0000,100.0000,252.0000,62.7595,0.0000,0.3163,0.3211,0.0002,0,0,1,1,0,0,0,0
5.1218,30.0000,10.0000,100.0000,251.0000,60.0812,0.0426,0.3162,0.3210,0.0173,0,0,1,1,0,0,0,0
5.2228,40.0000,10.0000,100.0000,250.0000,44.3180,0.2938,0.3160,0.3209,0.1280,0,0,1,1,0,0,0,0
5.2429,41.0000,10.0000,100.0000,249.0000,42.2957,0.3260,0.3160,0.3210,0.2073,0,0,1,1,0,0,0,0
5.2657,44.0000,10.0000,100.0000,244.9400,38.8521,0.3809,0.3162,0.3212,0.2768,0,0,1,1,0,0,0,0
5.2875,46.0000,10.0000,100.0000,241.0000,37.5652,0.4014,0.3164,0.3217,0.3267,0,0,1,1,0,0,0,0
5.3108,47.0000,10.0000,100.0000,234.0000,36.5453,0.4177,0.3168,0.3221,0.3632,0,0,1,1,0,0,0,0
5.3316,50.0000,10.0000,100.0000,216.0000,35.1157,0.4404,0.3169,0.3216,0.3941,0,0,1,1,0,0,0,0
5.3517,51.0000,10.0000,100.0000,208.0000,33.7981,0.4614,0.3170,0.3213,0.4211,0,0,1,1,0,0,0,0
5.3716,53.0000,10.0000,100.0000,203.0000,31.7311,0.4944,0.3173,0.3213,0.4505,0,0,1,1,0,0,0,0
5.3923,54.0000,10.0000,100.0000,197.0000,29.0724,0.5367,0.3172,0.3204,0.4850,0,0,1,1,0,0,0,0
5.4151,56.0000,10.0000,100.0000,196.0000,26.2527,0.5817,0.3182,0.3192,0.5237,0,0,1,1,0,0,0,0
5.4364,57.0000,10.0000,100.0000,196.9400,26.2577,0.5816,0.3184,0.3194,0.5469,0,0,1,1,0,0,0,0
5.4545,58.0000,10.0000,100.0000,200.0000,26.7341,0.5740,0.3184,0.3201,0.5578,0,0,1,1,0,0,0,0
5.4765,59.0000,10.0000,100.0000,201.0000,26.9527,0.5705,0.3185,0.3212,0.5629,0,0,1,1,0,0,0,0
5.4984,61.0000,10.0000,100.0000,199.0000,26.5295,0.5773,0.3185,0.3226,0.5687,0,0,1,1,0,0,0,0
5.5189,62.0000,10.0000,100.0000,197.0000,25.4990,0.5937,0.3184,0.3232,0.5788,0,0,1,1,0,0,0,0
5.5387,63.0000,10.0000,100.0000,192.0000,24.1345,0.6154,0.3181,0.3236,0.5935,0,0,1,1,0,0,0,0
5.5597,63.0000,10.0000,100.0000,188.0000,22.7915,0.6368,0.3177,0.3235,0.6109,0,0,1,1,0,0,0,0
5.5809,65.0000,10.0000,100.0000,181.0000,21.9640,0.6500,0.3170,0.3214,0.6266,0,0,1,1,0,0,0,0
5.6021,65.0000,10.0000,100.0000,181.0000,23.3657,0.6277,0.3173,0.3210,0.6270,0,0,1,1,0,0,0,0
5.6221,66.0000,10.0000,100.0000,180.0000,25.3460,0.5961,0.3179,0.3215,0.6147,0,0,1,1,0,0,0,0
5.7275,68.0000,10.0000,100.0000,224.0000,37.8224,0.3973,0.3211,0.3245,0.5278,0,0,1,1,0,0,0,0
5.7490,68.0000,10.0000,100.0000,237.0000,42.0866,0.3294,0.3220,0.3252,0.4485,0,0,1,1,0,0,0,0
5.7691,68.0000,10.0000,100.0000,238.0000,44.1806,0.2960,0.3224,0.3254,0.3876,0,0,1,1,0,0,0,0
5.7867,68.0000,10.0000,100.0000,238.0000,46.3599,0.2613,0.3227,0.3256,0.3372,0,0,1,1,0,0,0,0
5.8043,68.0000,10.0000,100.0000,236.0000,48.6944,0.2241,0.3230,0.3258,0.2920,0,0,1,1,0,0,0,0
5.8224,68.0000,10.0000,100.0000,234.0000,51.1708,0.1846,0.3234,0.3261,0.2491,0,0,1,1,0,0,0,0
5.8434,68.0000,10.0000,100.0000,231.0000,53.8296,0.1422,0.3237,0.3264,0.2065,0,0,1,1,0,0,0,0
5.8660,67.0000,10.0000,100.0000,231.0000,59.0707,0.0587,0.3245,0.3270,0.1475,0,0,1,1,0,0,0,0
5.8870,67.0000,10.0000,100.0000,235.0000,60.2253,0.0403,0.3247,0.3271,0.1047,0,0,1,1,0,0,0,0
5.9052,67.0000,10.0000,100.0000,236.0000,60.0192,0.0436,0.3248,0.3271,0.0804,0,0,1,1,0,0,0,0
5.9268,66.0000,10.0000,100.0000,234.0000,60.4820,0.0362,0.3249,0.3272,0.0629,0,0,1,1,0,0,0,0
5.9485,65.0000,10.0000,100.0000,229.0000,61.4425,0.0209,0.3252,0.3273,0.0462,0,0,1,1,0,0,0,0
5.9691,64.0000,10.0000,100.0000,227.0000,61.4632,0.0206,0.3253,0.3273,0.0361,0,0,1,1,0,0,0,0
5.9876,64.0000,10.0000,100.0000,224.0000,60.9063,0.0295,0.3253,0.3273,0.0336,0,0,1,1,0,0,0,0
6.0099,63.0000,10.0000,100.0000,222.0000,60.6196,0.0340,0.3254,0.3275,0.0339,0,0,1,1,0,0,0,0
6.0311,61.0000,10.0000,100.0000,221.0000,60.6581,0.0334,0.3257,0.3276,0.0338,0,0,1,1,0,0,0,0
6.0520,61.0000,10.0000,100.0000,220.0000,60.4070,0.0374,0.3257,0.3276,0.0354,0,0,1,1,0,0,0,0
6.0718,60.0000,10.0000,100.0000,215.0000,60.0150,0.0437,0.3258,0.3277,0.0388,0,0,1,1,0,0,0,0
6.0930,59.0000,10.0000,100.0000,208.0000,59.4355,0.0529,0.3258,0.3277,0.0446,0,0,1,1,0,0,0,0
6.1134,57.0000,10.0000,100.0000,204.0000,56.8296,0.0944,0.3258,0.3278,0.0646,0,0,1,1,0,0,0,0
6.1363,56.0000,10.0000,100.0000,206.0000,54.9229,0.1248,0.3258,0.3277,0.0888,0,0,1,1,0,0,0,0
6.2402,48.0000,10.0000,100.0000,133.0000,45.1641,0.2803,0.3261,0.3280,0.1655,0,0,1,1,0,0,0,0
6.2594,47.0000,10.0000,100.0000,129.0000,43.6331,0.3047,0.3261,0.3280,0.2213,0,0,1,1,0,0,0,0
6.2808,44.0000,10.0000,100.0000,126.0000,40.6789,0.3518,0.3261,0.3276,0.2736,0,0,1,1,0,0,0,0
6.3030,42.0000,10.0000,100.0000,127.0000,39.1950,0.3754,0.3261,0.3274,0.3144,0,0,1,1,0,0,0,0
6.3217,41.0000,10.0000,100.0000,124.0000,37.7275,0.3988,0.3260,0.3273,0.3482,0,0,1,1,0,0,0,0
6.3428,39.0000,10.0000,100.0000,126.0000,36.1245,0.4244,0.3259,0.3266,0.3788,0,0,1,1,0,0,0,0
6.3649,36.0000,10.0000,100.0000,120.0000,33.5840,0.4648,0.3258,0.3232,0.4133,0,0,1,1,0,0,0,0
6.3861,34.0000,10.0000,100.0000,114.0000,32.8182,0.4770,0.3257,0.3207,0.4388,0,0,1,1,0,0,0,0
6.4049,33.0000,10.0000,100.0000,112.0000,32.6860,0.4792,0.3258,0.3221,0.4550,0,0,1,1,0,0,0,0
6.4252,31.0000,10.0000,100.0000,110.0000,33.1098,0.4724,0.3261,0.3252,0.4620,0,0,1,1,0,0,0,0
6.4436,30.0000,10.0000,100.0000,111.0000,33.7501,0.4622,0.3263,0.3270,0.4622,0,0,1,1,0,0,0,0
6.4642,26.0000,10.0000,100.0000,117.0000,35.2718,0.4380,0.3266,0.3281,0.4525,0,0,1,1,0,0,0,0
6.4863,25.0000,10.0000,100.0000,113.0000,35.8408,0.4289,0.3267,0.3282,0.4432,0,0,1,1,0,0,0,0
6.5048,23.0000,10.0000,100.0000,110.0000,36.3674,0.4205,0.3269,0.3284,0.4342,0,0,1,1,0,0,0,0
6.5221,21.0000,10.0000,100.0000,109.9400,36.8348,0.4130,0.3270,0.3286,0.4258,0,0,1,1,0,0,0,0
6.5459,20.0000,10.0000,100.0000,112.9400,37.3256,0.4052,0.3272,0.3288,0.4176,0,0,1,1,0,0,0,0
6.5687,17.0000,10.0000,100.0000,110.0000,38.3565,0.3888,0.3273,0.3288,0.4062,0,0,1,1,0,0,0,0
6.5880,16.0000,10.0000,100.0000,111.0000,38.7948,0.3818,0.3273,0.3288,0.3965,0,0,1,1,0,0,0,0
6.6106,15.0000,10.0000,100.0000,108.0000,39.2165,0.3751,0.3274,0.3289,0.3880,0,0,1,1,0,0,0,0
6.6305,13.0000,10.0000,100.0000,108.9400,40.1766,0.3598,0.3275,0.3289,0.3768,0,0,1,1,0,0,0,0
6.6523,12.0000,10.0000,100.0000,105.0000,40.6772,0.3518,0.3276,0.3288,0.3669,0,0,1,1,0,0,0,0
6.7534,15.0000,10.0000,100.0000,129.0000,40.0724,0.3615,0.3279,0.3288,0.3648,0,0,1,1,0,0,0,0
6.7707,16.0000,10.0000,100.0000,137.0000,39.7197,0.3671,0.3280,0.3289,0.3658,0,0,1,1,0,0,0,0
6.7932,18.0000,10.0000,100.0000,139.0000,39.8500,0.3650,0.3282,0.3291,0.3655,0,0,1,1,0,0,0,0
6.8163,21.0000,10.0000,100.0000,140.0000,38.2855,0.3899,0.3283,0.3292,0.3754,0,0,1,1,0,0,0,0
6.8356,22.0000,10.0000,100.0000,140.0000,37.1362,0.4082,0.3284,0.3293,0.3886,0,0,1,1,0,0,0,0
6.8559,24.0000,10.0000,100.0000,139.0000,35.8457,0.4288,0.3283,0.3292,0.4047,0,0,1,1,0,0,0,0
6.8762,25.0000,10.0000,100.0000,138.0000,34.4021,0.4518,0.3283,0.3294,0.4236,0,0,1,1,0,0,0,0
6.8974,29.0000,10.0000,100.0000,135.0000,31.0636,0.5050,0.3284,0.3294,0.4562,0,0,1,1,0,0,0,0
6.9194,30.0000,10.0000,100.0000,132.0000,29.2539,0.5338,0.3284,0.3294,0.4873,0,0,1,1,0,0,0,0
6.9380,32.0000,10.0000,100.0000,130.0000,27.3222,0.5646,0.3283,0.3293,0.5183,0,0,1,1,0,0,0,0
6.9553,33.0000,10.0000,100.0000,128.0000,25.4870,0.5939,0.3283,0.3293,0.5486,0,0,1,1,0,0,0,0
6.9763,35.0000,10.0000,100.0000,127.0000,23.7597,0.6214,0.3282,0.3292,0.5778,0,0,1,1,0,0,0,0
7.0006,38.0000,10.0000,100.0000,122.0000,20.5854,0.6720,0.3283,0.3294,0.6155,0,0,1,1,0,0,0,0
7.0210,40.0000,10.0000,100.0000,120.0000,19.2705,0.6929,0.3283,0.3294,0.6465,0,0,1,1,0,0,0,0
7.0387,41.0000,10.0000,100.0000,117.0000,18.0179,0.7129,0.3283,0.3293,0.6731,0,0,1,1,0,0,0,0
7.0599,43.0000,10.0000,100.0000,113.0000,16.8374,0.7317,0.3282,0.3293,0.6966,0,0,1,1,0,0,0,0
7.0785,46.0000,10.0000,100.0000,103.0000,14.9934,0.7611,0.3283,0.3294,0.7224,0,0,1,1,0,0,0,0
7.0975,47.0000,10.0000,100.0000,96.0000,14.2392,0.7731,0.3285,0.3296,0.7427,0,0,1,1,0,0,0,0
7.1194,49.0000,10.0000,100.0000,86.0000,13.5870,0.7835,0.3286,0.3295,0.7590,0,0,1,1,0,0,0,0
7.1378,50.0000,10.0000,100.0000,73.0000,12.8732,0.7949,0.3287,0.3297,0.7734,0,0,1,1,0,0,0,0
7.1594,51.0000,10.0000,100.0000,65.0000,12.0184,0.8085,0.3286,0.3295,0.7875,0,0,1,1,0,0,0,0
7.2658,59.0000,nan,100.0000,52.0000,8.0194,0.8722,0.3290,0.3293,0.8214,0,0,1,1,0,0,0,0
7.2862,60.0000,1.0000,100.0000,51.0000,7.7456,0.8766,0.3291,0.3297,0.8435,0,0,1,1,0,0,0,0
7.3044,61.0000,nan,100.0000,47.0000,7.3941,0.8822,0.3289,0.3297,0.8590,0,0,1,1,0,0,0,0
7.3222,62.0000,nan,100.0000,45.0000,6.9086,0.8899,0.3288,0.3298,0.8714,0,0,1,1,0,0,0,0
7.3402,63.0000,nan,100.0000,42.0000,6.3477,0.8989,0.3287,0.3297,0.8824,0,0,1,1,0,0,0,0
7.3594,63.0000,nan,100.0000,38.0000,5.7928,0.9077,0.3285,0.3295,0.8925,0,0,1,1,0,0,0,0
7.3775,64.0000,nan,100.0000,34.0000,5.3398,0.9149,0.3281,0.3293,0.9015,0,0,1,1,0,0,0,0
7.3970,65.0000,nan,100.0000,32.0000,5.4285,0.9135,0.3278,0.3278,0.9063,0,0,1,1,0,0,0,0
7.4195,66.0000,nan,100.0000,31.0000,5.7715,0.9080,0.3281,0.3282,0.9070,0,0,1,1,0,0,0,0
7.4383,66.0000,nan,100.0000,30.0000,6.1416,0.9021,0.3285,0.3289,0.9051,0,0,1,1,0,0,0,0
7.4587,67.0000,nan,100.0000,27.0000,6.4817,0.8967,0.3284,0.3288,0.9017,0,0,1,1,0,0,0,0
7.4803,68.0000,nan,100.0000,26.0000,7.0196,0.8881,0.3288,0.3290,0.8963,0,0,1,1,0,0,0,0
7.5024,68.0000,1.0000,100.0000,27.0000,7.2864,0.8839,0.3289,0.3293,0.8914,0,0,1,1,0,0,0,0
7.5207,68.0000,nan,100.0000,43.0000,7.4717,0.8809,0.3290,0.3296,0.8872,0,0,1,1,0,0,0,0
7.5422,68.0000,nan,100.0000,48.0000,7.6681,0.8778,0.3293,0.3299,0.8835,0,0,1,1,0,0,0,0
7.5639,68.0000,nan,100.0000,47.0000,7.9368,0.8735,0.3291,0.3298,0.8795,0,0,1,1,0,0,0,0
7.5860,68.0000,nan,100.0000,46.0000,8.0259,0.8721,0.3294,0.3299,0.8766,0,0,1,1,0,0,0,0
7.6047,68.0000,nan,100.0000,45.0000,8.0968,0.8710,0.3293,0.3296,0.8743,0,0,1,1,0,0,0,0
7.6276,68.0000,nan,100.0000,43.0000,8.1386,0.8703,0.3292,0.3296,0.8727,0,0,1,1,0,0,0,0
7.6473,68.0000,nan,100.0000,39.0000,8.1331,0.8704,0.3294,0.3298,0.8718,0,0,1,1,0,0,0,0
7.6687,67.0000,nan,100.0000,37.0000,8.1041,0.8709,0.3294,0.3298,0.8715,0,0,1,1,0,0,0,0
7.7696,65.0000,nan,100.0000,29.0000,6.7059,0.8931,0.3302,0.3301,0.8801,0,0,1,1,0,0,0,0
7.7890,64.0000,nan,100.0000,28.0000,6.3901,0.8982,0.3302,0.3301,0.8874,0,0,1,1,0,0,0,0
7.8099,63.0000,nan,100.0000,26.0000,6.0445,0.9037,0.3299,0.3294,0.8939,0,0,1,1,0,0,0,0
7.8320,nan,nan,100.0000,24.0000,5.3105,0.9154,0.3301,0.3296,0.9025,0,0,1,1,0,0,0,0
7.8533,nan,nan,100.0000,22.0000,4.9014,0.9219,0.3300,0.3292,0.9103,0,0,1,1,0,0,0,0
7.8717,nan,nan,100.0000,21.0000,4.4829,0.9286,0.3299,0.3292,0.9176,0,0,1,1,0,0,0,0
7.8921,nan,nan,100.0000,18.0000,4.0526,0.9354,0.3296,0.3280,0.9247,0,0,1,1,0,0,0,0
7.9136,nan,nan,nan,13.0000,3.1504,0.9498,0.3295,0.3275,0.9348,0,0,1,1,0,0,0,0
7.9359,nan,nan,nan,12.0000,2.7154,0.9567,0.3292,nan,0.9436,0,0,1,1,0,0,0,0
7.9544,nan,nan,nan,12.0000,2.3162,0.9631,0.3293,nan,0.9514,0,0,1,1,0,0,0,0
7.9755,nan,nan,nan,11.0000,1.9594,0.9688,nan,nan,0.9583,0,0,1,1,0,0,0,0
7.9982,nan,nan,nan,5.0000,1.3845,0.9779,nan,nan,0.9662,0,0,1,1,0,0,0,0
8.0186,nan,nan,nan,0.0000,1.1350,0.9819,nan,nan,0.9725,0,0,1,1,0,0,0,0
8.0374,nan,nan,nan,0.0000,0.9202,0.9853,nan,nan,0.9776,0,0,1,1,0,0,0,0
8.0588,nan,nan,nan,0.0000,0.7248,0.9885,nan,nan,0.9820,0,0,1,1,0,0,0,0
8.0810,nan,nan,nan,0.0000,0.4111,0.9934,nan,nan,0.9866,0,0,1,1,0,0,0,0
8.1022,nan,nan,nan,0.0000,0.2922,0.9953,nan,nan,0.9901,0,0,1,1,0,0,0,0
8.1210,nan,nan,nan,0.0000,0.1978,0.9968,nan,nan,0.9928,0,0,1,1,0,0,0,0
8.1386,nan,nan,nan,0.0000,0.1250,0.9980,nan,nan,0.9949,0,0,1,1,0,0,0,0
8.1551,nan,nan,nan,0.0000,0.0773,0.9988,nan,nan,0.9964,0,0,1,1,0,0,0,0
8.1762,nan,nan,nan,0.0000,0.0475,0.9992,nan,nan,0.9976,0,0,1,1,0,0,0,0
8.2777,nan,nan,nan,0.0000,0.0014,1.0000,nan,nan,0.9985,0,0,1,1,0,0,0,0
8.2967,nan,nan,nan,0.0000,0.0004,1.0000,nan,nan,0.9991,0,0,1,1,0,0,0,0
8.3187,nan,nan,nan,0.0000,0.0004,1.0000,nan,nan,0.9995,0,0,1,1,0,0,0,0
8.3379,nan,nan,nan,0.0000,0.0004,1.0000,nan,nan,0.9997,0,0,1,1,0,0,0,0
8.3583,nan,nan,nan,0.0000,0.0004,1.0000,nan,nan,0.9998,0,0,1,1,0,0,0,0
8.3812,nan,nan,nan,0.0000,0.0000,1.0000,nan,nan,0.9999,0,0,1,1,0,0,0,0
8.4022,nan,nan,nan,0.0000,0.0000,1.0000,nan,nan,0.9999,0,0,1,1,0,0,0,0
8.4212,nan,nan,nan,0.0000,0.0000,1.0000,nan,nan,1.0000,0,0,1,1,0,0,0,0
8.4427,nan,nan,nan,0.0000,0.0000,1.0000,nan,nan,1.0000,0,0,1,1,0,0,0,0
8.4633,nan,nan,nan,0.0000,0.0000,1.0000,nan,nan,1.0000,0,0,1,1,0,0,0,0
8.4865,nan,nan,nan,0.0000,0.0000,1.0000,nan,nan,1.0000,0,0,1,1,0,0,0,0
8.5047,nan,nan,nan,0.0000,0.0000,1.0000,nan,nan,1.0000,0,0,1,1,0,0,0,0
8.5224,nan,nan,nan,0.0000,0.0000,1.0000,nan,nan,1.0000,0,0,1,1,0,0,0,0
8.5390,nan,nan,nan,0.0000,0.0000,1.0000,nan,nan,1.0000,0,0,1,1,0,0,0,0
8.5585,nan,nan,nan,0.0000,0.0000,1.0000,nan,nan,1.0000,0,0,1,1,0,0,0,0
8.5808,nan,nan,nan,0.0000,0.0000,1.0000,nan,nan,1.0000,0,0,1,1,0,0,0,0
8.6022,nan,nan,nan,0.0000,0.0000,1.0000,nan,nan,1.0000,0,0,1,1,0,0,0,0
8.6215,nan,nan,nan,0.0000,0.0000,1.0000,nan,nan,1.0000,0,0,1,1,0,0,0,0
8.6420,nan,nan,nan,0.0000,0.0000,1.0000,nan,nan,1.0000,0,0,1,1,0,0,0,0
8.6650,nan,nan,nan,0.0000,0.0000,1.0000,nan,nan,1.0000,0,0,1,1,0,0,0,0
8.6856,nan,nan,nan,0.0000,0.0000,1.0000,nan,nan,1.0000,0,0,1,1,0,0,0,0
8.7866,nan,nan,nan,0.0000,0.0000,1.0000,nan,nan,1.0000,0,0,1,1,0,0,0,0
8.8043,nan,nan,nan,0.0000,0.0000,1.0000,nan,nan,1.0000,0,0,1,1,0,0,0,0
8.8252,nan,nan,nan,0.0000,0.0000,1.0000,nan,nan,1.0000,0,0,1,1,0,0,0,0
8.8477,nan,nan,nan,0.0000,0.0000,1.0000,nan,nan,1.0000,0,0,1,1,0,0,0,0
8.8690,nan,nan,nan,0.0000,0.0000,1.0000,nan,nan,1.0000,0,0,1,1,0,0,0,0
8.8883,nan,nan,nan,0.0000,0.0000,1.0000,nan,nan,1.0000,0,0,1,1,0,0,0,0
8.9090,nan,nan,nan,0.0000,0.0000,1.0000,nan,nan,1.0000,0,0,1,1,0,0,0,0
8.9295,nan,nan,nan,0.0000,0.0000,1.0000,nan,nan,1.0000,0,0,1,1,0,0,0,0
8.9527,nan,nan,nan,0.0000,0.0000,1.0000,nan,nan,1.0000,0,0,1,1,0,0,0,0
8.9712,nan,nan,nan,0.0000,0.0000,1.0000,nan,nan,1.0000,0,0,1,1,0,0,0,0
8.9887,nan,nan,nan,0.0000,0.0000,1.0000,nan,nan,1.0000,0,0,1,1,0,0,0,0
9.0100,nan,nan,nan,0.0000,0.0000,1.0000,nan,nan,1.0000,0,0,1,1,0,0,0,0
9.0304,nan,nan,nan,0.0000,0.0000,1.0000,nan,nan,1.0000,0,0,1,1,0,0,0,0
9.0513,nan,nan,nan,0.0000,0.0000,1.0000,nan,nan,1.0000,0,0,1,1,0,0,0,0
9.0703,nan,nan,nan,0.0000,0.0000,1.0000,nan,nan,1.0000,0,0,1,1,0,0,0,0
9.0870,nan,nan,nan,0.0000,0.0000,1.0000,nan,nan,1.0000,0,0,1,1,0,0,0,0
9.1040,nan,nan,nan,0.0000,0.0000,1.0000,nan,nan,1.0000,0,0,1,1,0,0,0,0
9.1250,nan,nan,nan,0.0000,0.0000,1.0000,nan,nan,1.0000,0,0,1,1,0,0,0,0
9.1490,nan,nan,nan,0.0000,0.0000,1.0000,nan,nan,1.0000,0,0,1,1,0,0,0,0
9.1691,nan,nan,nan,0.0000,0.0000,1.0000,nan,nan,1.0000,0,0,1,1,0,0,0,0
9.1880,nan,nan,nan,0.0000,0.0000,1.0000,nan,nan,1.0000,0,0,1,1,0,0,0,0
9.2954,nan,nan,nan,0.0000,0.0000,1.0000,nan,nan,1.0000,0,0,1,1,0,0,0,0
9.3189,nan,nan,nan,0.0000,0.0000,1.0000,nan,nan,1.0000,0,0,1,1,0,0,0,0
9.3373,nan,nan,nan,0.0000,0.0000,1.0000,nan,nan,1.0000,0,0,1,1,0,0,0,0
9.3539,nan,nan,nan,0.0000,0.0000,1.0000,nan,nan,1.0000,0,0,1,1,0,0,0,0
9.3760,nan,nan,nan,0.0000,0.0000,1.0000,nan,nan,1.0000,0,0,1,1,0,0,0,0
9.3974,nan,nan,nan,0.0000,0.0000,1.0000,nan,nan,1.0000,0,0,1,1,0,0,0,0
9.4188,nan,nan,nan,0.0000,0.0000,1.0000,nan,nan,1.0000,0,0,1,1,0,0,0,0
9.4366,nan,nan,nan,0.0000,0.0000,1.0000,nan,nan,1.0000,0,0,1,1,0,0,0,0
9.4550,nan,nan,nan,0.0000,0.0000,1.0000,nan,nan,1.0000,0,0,1,1,0,0,0,0
9.4753,nan,nan,nan,0.0000,0.0000,1.0000,nan,nan,1.0000,0,0,1,1,0,0,0,0
9.4974,nan,nan,nan,0.0000,0.0000,1.0000,nan,nan,1.0000,0,0,1,1,0,0,0,0
9.5191,nan,nan,nan,0.0000,0.0000,1.0000,nan,nan,1.0000,0,0,1,1,0,0,0,0
9.5380,nan,nan,nan,0.0000,0.0000,1.0000,nan,nan,1.0000,0,0,1,1,0,0,0,0
9.5597,nan,nan,nan,0.0000,0.0000,1.0000,nan,nan,1.0000,0,0,1,1,0,0,0,0
9.5791,nan,nan,nan,0.0000,0.0000,1.0000,nan,nan,1.0000,0,0,1,1,0,0,0,0
9.6033,nan,nan,nan,0.0000,0.0000,1.0000,nan,nan,1.0000,0,0,1,1,0,0,0,0
9.6206,nan,nan,nan,0.0000,0.0000,1.0000,nan,nan,1.0000,0,0,1,1,0,0,0,0
9.6422,nan,nan,nan,0.0000,0.0000,1.0000,nan,nan,1.0000,0,0,1,1,0,0,0,0
9.6594,nan,nan,nan,0.0000,0.0000,1.0000,nan,nan,1.0000,0,0,1,1,0,0,0,0
9.6796,nan,nan,nan,0.0000,0.0000,1.0000,nan,nan,1.0000,0,0,1,1,0,0,0,0
9.7017,nan,nan,nan,0.0000,0.0000,1.0000,nan,nan,1.0000,0,0,1,1,0,0,0,0
9.8058,nan,nan,nan,0.0000,0.0000,1.0000,nan,nan,1.0000,0,0,1,1,0,0,0,0
9.8260,nan,nan,nan,0.0000,0.0000,1.0000,nan,nan,1.0000,0,0,1,1,0,0,0,0
9.8493,nan,nan,nan,0.0000,0.0000,1.0000,nan,nan,1.0000,0,0,1,1,0,0,0,0
9.8697,nan,nan,nan,0.0000,0.0000,1.0000,nan,nan,1.0000,0,0,1,1,0,0,0,0
9.8871,nan,nan,nan,0.0000,0.0000,1.0000,nan,nan,1.0000,0,0,1,1,0,0,0,0
9.9109,nan,nan,nan,0.0000,0.0000,1.0000,nan,nan,1.0000,0,0,1,1,0,0,0,0
9.9306,nan,nan,nan,0.0000,0.0000,1.0000,nan,nan,1.0000,0,0,1,1,0,0,0,0
9.9526,nan,nan,nan,0.0000,0.0000,1.0000,nan,nan,1.0000,0,0,1,1,0,0,0,0
9.9711,nan,nan,nan,0.0000,0.0000,1.0000,nan,nan,1.0000,0,0,1,1,0,0,0,0
9.9912,nan,nan,nan,0.0000,0.0000,1.0000,nan,nan,1.0000,0,0,1,1,0,0,0,0
10.0145,nan,nan,nan,0.0000,0.0000,1.0000,nan,nan,1.0000,0,0,1,1,0,0,0,0
10.0350,nan,nan,nan,0.0000,0.0000,1.0000,nan,nan,1.0000,0,0,1,1,0,0,0,0
10.0537,nan,nan,nan,0.0000,0.0000,1.0000,nan,nan,1.0000,0,0,1,1,0,0,0,0
10.0746,nan,nan,nan,0.0000,0.0000,1.0000,nan,nan,1.0000,0,0,1,1,0,0,0,0
10.0938,nan,nan,nan,0.0000,0.0000,1.0000,nan,nan,1.0000,0,0,1,1,0,0,0,0
10.1122,nan,nan,nan,0.0000,0.0000,1.0000,nan,nan,1.0000,0,0,1,1,0,0,0,0
10.1357,nan,nan,nan,0.0000,0.0000,1.0000,nan,nan,1.0000,0,0,1,1,0,0,0,0
10.1543,nan,nan,nan,0.0000,0.0000,1.0000,nan,nan,1.0000,0,0,1,1,0,0,0,0
10.1755,nan,nan,nan,0.0000,0.0000,1.0000,nan,nan,1.0000,0,0,1,1,0,0,0,0
10.1996,nan,nan,nan,0.0000,0.0000,1.0000,nan,nan,1.0000,0,0,1,1,0,0,0,0
10.2208,nan,nan,nan,0.0000,0.0000,1.0000,nan,nan,1.0000,0,0,1,1,0,0,0,0
10.3268,nan,nan,nan,0.0000,0.0000,1.0000,nan,nan,1.0000,0,0,1,1,0,0,0,0
10.3461,nan,nan,nan,0.0000,0.0000,1.0000,nan,nan,1.0000,0,0,1,1,0,0,0,0
10.3680,nan,nan,nan,0.0000,0.0000,1.0000,nan,nan,1.0000,0,0,1,1,0,0,0,0
10.3871,nan,nan,nan,0.0000,0.0000,1.0000,nan,nan,1.0000,0,0,1,1,0,0,0,0
10.4088,nan,nan,nan,0.0000,0.0000,1.0000,nan,nan,1.0000,0,0,1,1,0,0,0,0
10.4312,nan,nan,nan,0.0000,0.0000,1.0000,nan,nan,1.0000,0,0,1,1,0,0,0,0
10.4520,nan,nan,nan,0.0000,0.0000,1.0000,nan,nan,1.0000,0,0,1,1,0,0,0,0
10.4712,nan,nan,nan,0.0000,0.0000,1.0000,nan,nan,1.0000,0,0,1,1,0,0,0,0
10.4916,nan,nan,nan,0.0000,0.0000,1.0000,nan,nan,1.0000,0,0,1,1,0,0,0,0
10.5124,nan,nan,nan,0.0000,0.0000,1.0000,nan,nan,1.0000,0,0,1,1,0,0,0,0
10.5365,nan,nan,nan,0.0000,0.0000,1.0000,nan,nan,1.0000,0,0,1,1,0,0,0,0
10.5546,nan,nan,nan,0.0000,0.0000,1.0000,nan,nan,1.0000,0,0,1,1,0,0,0,0
10.5745,nan,nan,nan,0.0000,0.0000,1.0000,nan,nan,1.0000,0,0,1,1,0,0,0,0
10.5922,nan,nan,nan,0.0000,0.0000,1.0000,nan,nan,1.0000,0,0,1,1,0,0,0,0
10.6136,nan,nan,nan,0.0000,0.0000,1.0000,nan,nan,1.0000,0,0,1,1,0,0,0,0
10.6355,nan,nan,nan,0.0000,0.0000,1.0000,nan,nan,1.0000,0,0,1,1,0,0,0,0
10.6567,nan,nan,nan,0.0000,0.0000,1.0000,nan,nan,1.0000,0,0,1,1,0,0,0,0
10.6756,nan,nan,nan,0.0000,0.0000,1.0000,nan,nan,1.0000,0,0,1,1,0,0,0,0
10.6963,nan,nan,nan,0.0000,0.0000,1.0000,nan,nan,1.0000,0,0,1,1,0,0,0,0
10.7189,nan,nan,nan,0.0000,0.0000,1.0000,nan,nan,1.0000,0,0,1,1,0,0,0,0
10.7373,nan,nan,nan,0.0000,0.0000,1.0000,nan,nan,1.0000,0,0,1,1,0,0,0,0
10.8426,nan,nan,nan,0.0000,0.0000,1.0000,nan,nan,1.0000,0,0,1,1,0,0,0,0
10.8647,nan,nan,nan,0.0000,0.0000,1.0000,nan,nan,1.0000,0,0,1,1,0,0,0,0
10.8884,nan,nan,nan,0.0000,0.0000,1.0000,nan,nan,1.0000,0,0,1,1,0,0,0,0
10.9055,nan,nan,nan,0.0000,0.0000,1.0000,nan,nan,1.0000,0,0,1,1,0,0,0,0
10.9219,nan,nan,nan,0.0000,0.0000,1.0000,nan,nan,1.0000,0,0,1,1,0,0,0,0
10.9390,nan,nan,nan,0.0000,0.0000,1.0000,nan,nan,1.0000,0,0,1,1,0,0,0,0
10.9571,nan,nan,nan,0.0000,0.0000,1.0000,nan,nan,1.0000,0,0,1,1,0,0,0,0
10.9753,nan,nan,nan,0.0000,0.0000,1.0000,nan,nan,1.0000,0,0,1,1,0,0,0,0
10.9962,nan,nan,nan,0.0000,0.0000,1.0000,nan,nan,1.0000,0,0,1,1,0,0,0,0
11.0185,nan,nan,nan,0.0000,0.0000,1.0000,nan,nan,1.0000,0,0,1,1,0,0,0,0
11.0380,nan,nan,nan,0.0000,0.0000,1.0000,nan,nan,1.0000,0,0,1,1,0,0,0,0
11.0574,nan,nan,nan,0.0000,0.0000,1.0000,nan,nan,1.0000,0,0,1,1,0,0,0,0
11.0755,nan,nan,nan,0.0000,0.0000,1.0000,nan,nan,1.0000,0,0,1,1,0,0,0,0
11.0973,nan,nan,nan,0.0000,0.0000,1.0000,nan,nan,1.0000,0,0,1,1,0,0,0,0
11.1185,nan,nan,nan,0.0000,0.0000,1.0000,nan,nan,1.0000,0,0,1,1,0,0,0,0
11.1384,nan,nan,nan,0.0000,0.0000,1.0000,nan,nan,1.0000,0,0,1,1,0,0,0,0
11.1589,nan,nan,nan,0.0000,0.0000,1.0000,nan,nan,1.0000,0,0,1,1,0,0,0,0
11.1807,nan,nan,nan,0.0000,0.0000,1.0000,nan,nan,1.0000,0,0,1,1,0,0,0,0
11.2056,nan,nan,nan,0.0000,0.0000,1.0000,nan,nan,1.0000,0,0,1,1,0,0,0,0
11.2295,nan,nan,nan,0.0000,0.0000,1.0000,nan,nan,1.0000,0,0,1,1,0,0,0,0
11.2529,nan,nan,nan,0.0000,0.0000,1.0000,nan,nan,1.0000,0,0,1,1,0,0,0,0
11.3535,nan,nan,nan,0.0000,0.0000,1.0000,nan,nan,1.0000,0,0,1,1,0,0,0,0
11.3710,nan,nan,nan,0.0000,0.0000,1.0000,nan,nan,1.0000,0,0,1,1,0,0,0,0
11.3925,nan,nan,nan,0.0000,0.0000,1.0000,nan,nan,1.0000,0,0,1,1,0,0,0,0
11.4144,nan,nan,nan,0.0000,0.0000,1.0000,nan,nan,1.0000,0,0,1,1,0,0,0,0
11.4352,nan,nan,nan,0.0000,0.0000,1.0000,nan,nan,1.0000,0,0,1,1,0,0,0,0
11.4538,nan,nan,nan,0.0000,0.0000,1.0000,nan,nan,1.0000,0,0,1,1,0,0,0,0
11.4784,nan,nan,nan,0.0000,0.0000,1.0000,nan,nan,1.0000,0,0,1,1,0,0,0,0
11.4977,nan,nan,nan,0.0000,0.0000,1.0000,nan,nan,1.0000,0,0,1,1,0,0,0,0
11.5182,nan,nan,nan,0.0000,0.0000,1.0000,nan,nan,1.0000,0,0,1,1,0,0,0,0
11.5377,nan,nan,nan,0.0000,0.0000,1.0000,nan,nan,1.0000,0,0,1,1,0,0,0,0
11.5577,nan,nan,nan,0.0000,0.0000,1.0000,nan,nan,1.0000,0,0,1,1,0,0,0,0
11.5811,nan,nan,nan,0.0000,0.0000,1.0000,nan,nan,1.0000,0,0,1,1,0,0,0,0
11.6031,nan,nan,nan,0.0000,0.0000,1.0000,nan,nan,1.0000,0,0,1,1,0,0,0,0
11.6214,nan,nan,nan,0.0000,0.0000,1.0000,nan,nan,1.0000,0,0,1,1,0,0,0,0
11.6409,nan,nan,nan,0.0000,0.0000,1.0000,nan,nan,1.0000,0,0,1,1,0,0,0,0
11.6577,nan,nan,nan,0.0000,0.0000,1.0000,nan,nan,1.0000,0,0,1,1,0,0,0,0
11.6748,nan,nan,nan,0.0000,0.0000,1.0000,nan,nan,1.0000,0,0,1,1,0,0,0,0
11.6972,nan,nan,nan,0.0000,0.0000,1.0000,nan,nan,1.0000,0,0,1,1,0,0,0,0
11.7184,nan,nan,nan,0.0000,0.0000,1.0000,nan,nan,1.0000,0,0,1,1,0,0,0,0
11.7377,nan,nan,nan,0.0000,0.0000,1.0000,nan,nan,1.0000,0,0,1,1,0,0,0,0
11.7577,nan,nan,nan,0.0000,0.0000,1.0000,nan,nan,1.0000,0,0,1,1,0,0,0,0
11.8595,nan,nan,nan,0.0000,0.0000,1.0000,nan,nan,1.0000,0,0,1,1,0,0,0,0
11.8819,nan,nan,nan,0.0000,0.0000,1.0000,nan,nan,1.0000,0,0,1,1,0,0,0,0
11.9017,nan,nan,nan,0.0000,0.0000,1.0000,nan,nan,1.0000,0,0,1,1,0,0,0,0
11.9207,nan,nan,nan,0.0000,0.0000,1.0000,nan,nan,1.0000,0,0,1,1,0,0,0,0
11.9480,nan,nan,nan,0.0000,0.0000,1.0000,nan,nan,1.0000,0,0,1,1,0,0,0,0
11.9693,nan,nan,nan,0.0000,0.0000,1.0000,nan,nan,1.0000,0,0,1,1,0,0,0,0
11.9873,nan,nan,nan,0.0000,0.0000,1.0000,nan,nan,1.0000,0,0,1,1,0,0,0,0
12.0095,nan,nan,nan,0.0000,0.0000,1.0000,nan,nan,1.0000,0,0,1,1,0,0,0,0
12.0258,nan,nan,nan,0.0000,0.0000,1.0000,nan,nan,1.0000,0,0,1,1,0,0,0,0
12.0451,nan,nan,nan,0.0000,0.0000,1.0000,nan,nan,1.0000,0,0,1,1,0,0,0,0
12.0628,nan,nan,nan,0.0000,0.0000,1.0000,nan,nan,1.0000,0,0,1,1,0,0,0,0
12.0845,nan,nan,nan,0.0000,0.0000,1.0000,nan,nan,1.0000,0,0,1,1,0,0,0,0
12.1035,nan,nan,nan,0.0000,0.0000,1.0000,nan,nan,1.0000,0,0,1,1,0,0,0,0
12.1208,nan,nan,nan,0.0000,0.0000,1.0000,nan,nan,1.0000,0,0,1,1,0,0,0,0
12.1382,nan,nan,nan,0.0000,0.0000,1.0000,nan,nan,1.0000,0,0,1,1,0,0,0,0
12.1549,nan,nan,nan,0.0000,0.0000,1.0000,nan,nan,1.0000,0,0,1,1,0,0,0,0
12.1741,nan,nan,nan,0.0000,0.0000,1.0000,nan,nan,1.0000,0,0,1,1,0,0,0,0
12.1906,nan,nan,nan,0.0000,0.0000,1.0000,nan,nan,1.0000,0,0,1,1,0,0,0,0
12.2135,nan,nan,nan,0.0000,0.0000,1.0000,nan,nan,1.0000,0,0,1,1,0,0,0,0
12.2352,nan,nan,nan,0.0000,0.0000,1.0000,nan,nan,1.0000,0,0,1,1,0,0,0,0
12.2543,nan,nan,nan,0.0000,0.0000,1.0000,nan,nan,1.0000,0,0,1,1,0,0,0,0
12.2755,nan,nan,nan,0.0000,0.0000,1.0000,nan,nan,1.0000,0,0,1,1,0,0,0,0
12.3752,nan,nan,nan,0.0000,0.0000,1.0000,nan,nan,1.0000,0,0,1,1,0,0,0,0
12.3965,nan,nan,nan,0.0000,0.0000,1.0000,nan,nan,1.0000,0,0,1,1,0,0,0,0
12.4184,nan,nan,nan,0.0000,0.0000,1.0000,nan,nan,1.0000,0,0,1,1,0,0,0,0
12.4371,nan,nan,nan,0.0000,0.0000,1.0000,nan,nan,1.0000,0,0,1,1,0,0,0,0
12.4574,nan,nan,nan,0.0000,0.0000,1.0000,nan,nan,1.0000,0,0,1,1,0,0,0,0
12.4738,nan,nan,nan,0.0000,0.0000,1.0000,nan,nan,1.0000,0,0,1,1,0,0,0,0
12.4911,nan,nan,nan,0.0000,0.0000,1.0000,nan,nan,1.0000,0,0,1,1,0,0,0,0
12.5141,21.0000,0.0000,100.0000,99.0000,16.0589,0.7441,0.3312,0.3316,0.8977,0,0,1,1,0,0,0,0
12.5344,21.0000,0.0000,100.0000,159.0000,28.5587,0.5449,0.3300,0.3310,0.7566,0,0,1,1,0,0,0,0
12.5559,22.0000,0.8000,100.0000,197.0000,35.9766,0.4267,0.3289,0.3302,0.6247,0,0,1,1,0,0,0,0
12.5755,22.0000,1.6000,100.0000,199.0000,35.5716,0.4332,0.3279,0.3296,0.5482,0,0,1,1,0,0,0,0
12.5965,23.0000,3.3000,100.0000,214.0000,36.8016,0.4136,0.3259,0.3282,0.4944,0,0,1,1,0,0,0,0
12.6197,23.0000,4.1000,100.0000,226.0000,38.5424,0.3858,0.3251,0.3276,0.4511,0,0,1,1,0,0,0,0
12.6380,24.0000,5.0000,100.0000,237.0000,40.3879,0.3564,0.3237,0.3267,0.4133,0,0,1,1,0,0,0,0
12.6584,25.0000,5.8000,100.0000,241.0000,40.1438,0.3603,0.3204,0.3245,0.3922,0,0,1,1,0,0,0,0
12.6804,27.0000,7.5000,100.0000,246.0000,39.5607,0.3696,0.3145,0.3204,0.3832,0,0,1,1,0,0,0,0
12.7030,28.0000,8.3000,100.0000,247.0000,39.2137,0.3751,0.3118,0.3185,0.3801,0,0,1,1,0,0,0,0
12.7207,30.0000,9.1000,100.0000,249.0000,38.8246,0.3813,0.3092,0.3168,0.3806,0,0,1,1,0,0,0,0
12.7416,31.0000,10.0000,100.0000,250.0000,38.3943,0.3882,0.3068,0.3152,0.3837,0,0,1,1,0,0,0,0
12.7636,34.0000,10.0000,100.0000,251.0000,37.5083,0.4023,0.3026,0.3125,0.3912,0,0,1,1,0,0,0,0
12.7843,36.0000,10.0000,100.0000,252.0000,37.1387,0.4082,0.3007,0.3114,0.3981,0,0,1,1,0,0,0,0
12.8890,45.0000,10.0000,100.0000,255.0000,33.9544,0.4589,0.2911,0.3027,0.4225,0,0,1,1,0,0,0,0
12.9085,46.0000,10.0000,100.0000,255.0000,32.8664,0.4763,0.2898,0.3016,0.4441,0,0,1,1,0,0,0,0
12.9345,49.0000,10.0000,100.0000,255.0000,29.8427,0.5245,0.2884,0.2998,0.4763,0,0,1,1,0,0,0,0
12.9549,50.0000,10.0000,100.0000,255.0000,28.0166,0.5536,0.2877,0.2979,0.5073,0,0,1,1,0,0,0,0
12.9752,52.0000,10.0000,100.0000,255.0000,26.4225,0.5790,0.2876,0.2962,0.5360,0,0,1,1,0,0,0,0
13.0003,55.0000,10.0000,100.0000,255.0000,24.6793,0.6067,0.2883,0.2925,0.5643,0,0,1,1,0,0,0,0
13.0223,56.0000,10.0000,100.0000,255.0000,24.7463,0.6057,0.2886,0.2924,0.5809,0,0,1,1,0,0,0,0
13.0449,57.0000,10.0000,100.0000,255.0000,25.0922,0.6002,0.2882,0.2926,0.5887,0,0,1,1,0,0,0,0
13.0669,60.0000,10.0000,100.0000,255.0000,25.6394,0.5914,0.2875,0.2957,0.5898,0,0,1,1,0,0,0,0
13.0877,61.0000,10.0000,100.0000,255.0000,25.6292,0.5916,0.2871,0.2974,0.5906,0,0,1,1,0,0,0,0
13.1078,62.0000,10.0000,100.0000,255.0000,25.4247,0.5949,0.2868,0.2981,0.5923,0,0,1,1,0,0,0,0
13.1333,65.0000,10.0000,100.0000,255.0000,23.8551,0.6199,0.2851,0.3000,0.6034,0,0,1,1,0,0,0,0
13.1545,66.0000,10.0000,100.0000,255.0000,22.7707,0.6372,0.2839,0.3012,0.6169,0,0,1,1,0,0,0,0
13.1759,67.0000,10.0000,100.0000,255.0000,21.8409,0.6520,0.2820,0.2992,0.6310,0,0,1,1,0,0,0,0
13.2014,69.0000,10.0000,100.0000,253.0000,22.3102,0.6445,0.2796,0.2915,0.6364,0,0,1,1,0,0,0,0
13.2225,70.0000,10.0000,100.0000,255.0000,24.1849,0.6146,0.2802,0.2916,0.6278,0,0,1,1,0,0,0,0
13.2441,70.0000,10.0000,100.0000,255.0000,26.3095,0.5808,0.2818,0.2937,0.6090,0,0,1,1,0,0,0,0
13.2675,72.0000,10.0000,100.0000,255.0000,30.6099,0.5122,0.2845,0.2971,0.5704,0,0,1,1,0,0,0,0
13.2886,73.0000,10.0000,100.0000,255.0000,32.5368,0.4815,0.2853,0.2974,0.5349,0,0,1,1,0,0,0,0
13.3991,76.0000,10.0000,100.0000,255.0000,47.6822,0.2402,0.2900,0.3014,0.4171,0,0,1,1,0,0,0,0
13.4193,76.0000,10.0000,100.0000,255.0000,50.0776,0.2020,0.2904,0.3015,0.3312,0,0,1,1,0,0,0,0
13.4385,76.0000,10.0000,100.0000,255.0000,52.6044,0.1618,0.2910,0.3019,0.2635,0,0,1,1,0,0,0,0
13.4588,77.0000,10.0000,100.0000,255.0000,55.2845,0.1191,0.2916,0.3025,0.2058,0,0,1,1,0,0,0,0
13.4822,77.0000,10.0000,100.0000,255.0000,60.3853,0.0378,0.2930,0.3039,0.1387,0,0,1,1,0,0,0,0
13.5036,76.0000,10.0000,100.0000,255.0000,61.1419,0.0257,0.2930,0.3035,0.0936,0,0,1,1,0,0,0,0
13.5255,76.0000,10.0000,100.0000,255.0000,61.1590,0.0254,0.2925,0.3032,0.0665,0,0,1,1,0,0,0,0
13.5474,76.0000,10.0000,100.0000,255.0000,63.4316,0.0000,0.2933,0.3031,0.0399,0,0,1,1,0,0,0,0
13.5693,76.0000,10.0000,100.0000,255.0000,64.1496,0.0000,0.2934,0.3031,0.0239,0,0,1,1,0,0,0,0
13.5888,75.0000,10.0000,100.0000,255.0000,64.6252,0.0000,0.2935,0.3031,0.0144,0,0,1,1,0,0,0,0
13.6085,75.0000,10.0000,100.0000,255.0000,64.5259,0.0000,0.2935,0.3033,0.0086,0,0,1,1,0,0,0,0
13.6346,74.0000,10.0000,100.0000,255.0000,65.5353,0.0000,0.2940,0.3038,0.0052,0,0,1,1,0,0,0,0
13.6552,73.0000,10.0000,100.0000,255.0000,66.0366,0.0000,0.2940,0.3035,0.0031,0,0,1,1,0,0,0,0
13.6756,73.0000,10.0000,100.0000,255.0000,66.3583,0.0000,0.2940,0.3034,0.0019,0,0,1,1,0,0,0,0
13.6973,71.0000,10.0000,100.0000,255.0000,66.6336,0.0000,0.2941,0.3039,0.0011,0,0,1,1,0,0,0,0
13.7210,70.0000,10.0000,100.0000,255.0000,66.1917,0.0000,0.2940,0.3041,0.0007,0,0,1,1,0,0,0,0
13.7401,69.0000,10.0000,100.0000,255.0000,64.9736,0.0000,0.2938,0.3039,0.0004,0,0,1,1,0,0,0,0
13.7587,68.0000,10.0000,100.0000,255.0000,63.4254,0.0000,0.2936,0.3039,0.0002,0,0,1,1,0,0,0,0
13.7820,66.0000,10.0000,100.0000,255.0000,60.5116,0.0358,0.2935,0.3042,0.0146,0,0,1,1,0,0,0,0
13.8023,65.0000,10.0000,100.0000,255.0000,59.1801,0.0570,0.2936,0.3042,0.0316,0,0,1,1,0,0,0,0
13.9047,58.0000,10.0000,100.0000,255.0000,51.1622,0.1847,0.2914,0.2996,0.0930,0,0,1,1,0,0,0,0
13.9259,56.0000,10.0000,100.0000,255.0000,49.7824,0.2067,0.2907,0.2975,0.1386,0,0,1,1,0,0,0,0
13.9490,54.0000,10.0000,100.0000,255.0000,46.7588,0.2549,0.2886,0.2885,0.1852,0,0,1,1,0,0,0,0
13.9723,52.0000,10.0000,100.0000,255.0000,45.6324,0.2729,0.2877,0.2787,0.2203,0,0,1,1,0,0,0,0
13.9940,51.0000,10.0000,100.0000,255.0000,44.5449,0.2902,0.2866,0.2603,0.2484,0,0,1,1,0,0,0,0
14.0148,47.0000,10.0000,100.0000,245.4600,44.5708,0.2898,0.2866,0.2582,0.2650,0,0,1,1,0,0,0,0
14.0344,46.0000,10.0000,100.0000,250.0000,45.7712,0.2706,0.2876,0.2785,0.2674,0,0,1,1,0,0,0,0
14.0544,44.0000,10.0000,100.0000,249.0000,47.0102,0.2509,0.2885,0.2899,0.2609,0,0,1,1,0,0,0,0
14.0756,43.0000,10.0000,100.0000,251.9400,48.8202,0.2221,0.2895,0.2957,0.2454,0,0,1,1,0,0,0,0
14.0974,39.0000,10.0000,100.0000,255.0000,51.8498,0.1738,0.2908,0.2999,0.2169,0,0,1,1,0,0,0,0
14.1188,38.0000,10.0000,100.0000,255.0000,53.3116,0.1505,0.2912,0.3007,0.1904,0,0,1,1,0,0,0,0
14.1382,36.0000,10.0000,100.0000,255.0000,54.6787,0.1287,0.2917,0.3016,0.1658,0,0,1,1,0,0,0,0
14.1558,34.0000,10.0000,100.0000,255.0000,56.1258,0.1056,0.2920,0.3023,0.1419,0,0,1,1,0,0,0,0
14.1759,33.0000,10.0000,100.0000,255.0000,57.6210,0.0818,0.2923,0.3029,0.1180,0,0,1,1,0,0,0,0
14.1977,30.0000,10.0000,100.0000,255.0000,60.5642,0.0349,0.2927,0.3033,0.0849,0,0,1,1,0,0,0,0
14.2227,28.0000,10.0000,100.0000,255.0000,62.1066,0.0103,0.2928,0.3032,0.0552,0,0,1,1,0,0,0,0
14.2463,27.0000,10.0000,100.0000,255.0000,63.6748,0.0000,0.2928,0.3030,0.0331,0,0,1,1,0,0,0,0
14.2702,24.0000,10.0000,100.0000,255.0000,67.0396,0.0000,0.2934,0.3032,0.0199,0,0,1,1,0,0,0,0
14.2920,23.0000,10.0000,100.0000,255.0000,68.9485,0.0000,0.2940,0.3037,0.0119,0,0,1,1,0,0,0,0
14.3155,21.0000,10.0000,100.0000,255.0000,71.5695,0.0000,0.2948,0.3038,0.0072,0,0,1,1,0,0,0,0
14.4200,21.0000,10.0000,100.0000,255.0000,72.9270,0.0000,0.2966,0.3055,0.0043,0,0,1,1,0,0,0,0
14.4426,22.0000,10.0000,100.0000,255.0000,72.0085,0.0000,0.2965,0.3056,0.0026,0,0,1,1,0,0,0,0
14.4603,22.0000,10.0000,100.0000,255.0000,70.9536,0.0000,0.2965,0.3057,0.0015,0,0,1,1,0,0,0,0
14.4801,25.0000,10.0000,100.0000,255.0000,67.9133,0.0000,0.2961,0.3057,0.0009,0,0,1,1,0,0,0,0
14.5023,26.0000,10.0000,100.0000,255.0000,65.8574,0.0000,0.2957,0.3057,0.0006,0,0,1,1,0,0,0,0
14.5214,27.0000,10.0000,100.0000,255.0000,63.6092,0.0000,0.2953,0.3056,0.0003,0,0,1,1,0,0,0,0
14.5436,28.0000,10.0000,100.0000,255.0000,60.8941,0.0297,0.2948,0.3053,0.0122,0,0,1,1,0,0,0,0
14.5655,31.0000,10.0000,100.0000,255.0000,54.9105,0.1250,0.2939,0.3046,0.0574,0,0,1,1,0,0,0,0
14.5851,33.0000,10.0000,100.0000,255.0000,52.1314,0.1693,0.2936,0.3043,0.1023,0,0,1,1,0,0,0,0
14.6052,35.0000,10.0000,100.0000,255.0000,49.3655,0.2134,0.2933,0.3041,0.1468,0,0,1,1,0,0,0,0
14.6255,36.0000,10.0000,100.0000,255.0000,46.8653,0.2532,0.2930,0.3043,0.1895,0,0,1,1,0,0,0,0
14.6466,39.0000,10.0000,100.0000,255.0000,42.5419,0.3221,0.2924,0.3043,0.2426,0,0,1,1,0,0,0,0
14.6686,41.0000,10.0000,100.0000,255.0000,40.5991,0.3531,0.2920,0.3042,0.2869,0,0,1,1,0,0,0,0
14.6877,43.0000,10.0000,100.0000,255.0000,38.8226,0.3814,0.2920,0.3044,0.3247,0,0,1,1,0,0,0,0
14.7087,44.0000,10.0000,100.0000,255.0000,37.3960,0.4041,0.2922,0.3050,0.3566,0,0,1,1,0,0,0,0
14.7322,47.0000,10.0000,100.0000,255.0000,35.3522,0.4367,0.2926,0.3054,0.3887,0,0,1,1,0,0,0,0
14.7519,49.0000,10.0000,100.0000,255.0000,34.4007,0.4518,0.2922,0.3040,0.4140,0,0,1,1,0,0,0,0
14.7706,51.0000,10.0000,100.0000,255.0000,32.9047,0.4757,0.2918,0.3028,0.4387,0,0,1,1,0,0,0,0
14.7952,52.0000,10.0000,100.0000,254.0000,30.8325,0.5087,0.2919,0.3024,0.4668,0,0,1,1,0,0,0,0
14.8173,55.0000,10.0000,100.0000,253.0000,25.9839,0.5860,0.2916,0.2982,0.5145,0,0,1,1,0,0,0,0
14.9217,63.0000,10.0000,100.0000,253.0000,25.8881,0.5875,0.2922,0.3025,0.5437,0,0,1,1,0,0,0,0
14.9431,64.0000,10.0000,100.0000,252.0000,25.0900,0.6002,0.2917,0.3037,0.5664,0,0,1,1,0,0,0,0
14.9679,66.0000,10.0000,100.0000,247.0000,22.7135,0.6381,0.2897,0.3053,0.5951,0,0,1,1,0,0,0,0
14.9875,67.0000,10.0000,100.0000,243.0000,21.8123,0.6524,0.2878,0.3018,0.6181,0,0,1,1,0,0,0,0
15.0117,68.0000,10.0000,100.0000,243.0000,21.9715,0.6499,0.2868,0.2984,0.6308,0,0,1,1,0,0,0,0
15.0356,70.0000,10.0000,100.0000,238.0000,25.4290,0.5948,0.2882,0.2981,0.6165,0,0,1,1,0,0,0,0
15.0545,71.0000,10.0000,100.0000,237.0000,27.5863,0.5604,0.2896,0.2999,0.5941,0,0,1,1,0,0,0,0
15.0722,72.0000,10.0000,100.0000,238.0000,29.7961,0.5252,0.2910,0.3015,0.5666,0,0,1,1,0,0,0,0
15.0917,73.0000,10.0000,100.0000,241.9400,31.7911,0.4934,0.2921,0.3025,0.5374,0,0,1,1,0,0,0,0
15.1105,73.0000,10.0000,100.0000,243.0000,33.9612,0.4588,0.2930,0.3031,0.5060,0,0,1,1,0,0,0,0
15.1312,74.0000,10.0000,100.0000,253.0000,38.0244,0.3941,0.2947,0.3049,0.4613,0,0,1,1,0,0,0,0
15.1522,75.0000,10.0000,100.0000,255.0000,40.1650,0.3600,0.2955,0.3057,0.4209,0,0,1,1,0,0,0,0
15.1709,75.0000,10.0000,100.0000,255.0000,42.3436,0.3253,0.2962,0.3063,0.3827,0,0,1,1,0,0,0,0
15.1913,76.0000,10.0000,100.0000,255.0000,44.4791,0.2912,0.2968,0.3066,0.3462,0,0,1,1,0,0,0,0
15.2138,76.0000,10.0000,100.0000,255.0000,49.0904,0.2178,0.2981,0.3073,0.2949,0,0,1,1,0,0,0,0
15.2361,76.0000,10.0000,100.0000,255.0000,51.5519,0.1785,0.2987,0.3077,0.2485,0,0,1,1,0,0,0,0
15.2543,76.0000,10.0000,100.0000,255.0000,54.1851,0.1366,0.2994,0.3083,0.2038,0,0,1,1,0,0,0,0
15.2748,77.0000,10.0000,100.0000,255.0000,56.9683,0.0922,0.3002,0.3092,0.1593,0,0,1,1,0,0,0,0
15.2977,77.0000,10.0000,100.0000,255.0000,60.6977,0.0328,0.3014,0.3099,0.1088,0,0,1,1,0,0,0,0
15.3175,76.0000,10.0000,100.0000,255.0000,60.6453,0.0336,0.3012,0.3097,0.0789,0,0,1,1,0,0,0,0
15.4219,74.0000,10.0000,100.0000,255.0000,64.6152,0.0000,0.3034,0.3111,0.0473,0,0,1,1,0,0,0,0
15.4422,74.0000,10.0000,100.0000,255.0000,65.2790,0.0000,0.3037,0.3113,0.0284,0,0,1,1,0,0,0,0
15.4640,73.0000,10.0000,100.0000,255.0000,66.2413,0.0000,0.3041,0.3114,0.0170,0,0,1,1,0,0,0,0
15.4864,72.0000,10.0000,100.0000,255.0000,66.6116,0.0000,0.3044,0.3117,0.0102,0,0,1,1,0,0,0,0
15.5039,71.0000,10.0000,100.0000,254.0000,66.7321,0.0000,0.3046,0.3120,0.0061,0,0,1,1,0,0,0,0
15.5258,70.0000,10.0000,100.0000,253.0000,66.3815,0.0000,0.3047,0.3122,0.0037,0,0,1,1,0,0,0,0
15.5464,69.0000,10.0000,100.0000,255.0000,63.6730,0.0000,0.3046,0.3123,0.0022,0,0,1,1,0,0,0,0
15.5688,68.0000,10.0000,100.0000,254.0000,62.1338,0.0099,0.3048,0.3125,0.0054,0,0,1,1,0,0,0,0
15.5884,67.0000,10.0000,100.0000,254.0000,60.6971,0.0328,0.3049,0.3128,0.0165,0,0,1,1,0,0,0,0
15.6071,66.0000,10.0000,100.0000,253.0000,59.3288,0.0546,0.3053,0.3131,0.0318,0,0,1,1,0,0,0,0
15.6261,64.0000,10.0000,100.0000,246.0000,58.0036,0.0757,0.3055,0.3132,0.0495,0,0,1,1,0,0,0,0
15.6482,62.0000,10.0000,100.0000,228.0000,55.4135,0.1170,0.3055,0.3128,0.0766,0,0,1,1,0,0,0,0
15.6692,61.0000,10.0000,100.0000,222.9400,54.0650,0.1385,0.3055,0.3124,0.1015,0,0,1,1,0,0,0,0
15.6875,60.0000,10.0000,100.0000,219.0000,52.7662,0.1592,0.3053,0.3119,0.1247,0,0,1,1,0,0,0,0
15.7083,58.0000,10.0000,100.0000,219.0000,51.4483,0.1802,0.3050,0.3111,0.1470,0,0,1,1,0,0,0,0
15.7314,55.0000,10.0000,100.0000,223.0000,48.7279,0.2235,0.3046,0.3085,0.1777,0,0,1,1,0,0,0,0
15.7521,54.0000,10.0000,100.0000,223.0000,47.3214,0.2459,0.3040,0.3053,0.2051,0,0,1,1,0,0,0,0
15.7708,52.0000,10.0000,100.0000,222.0000,45.9276,0.2682,0.3035,0.3002,0.2304,0,0,1,1,0,0,0,0
15.7933,51.0000,10.0000,100.0000,218.0000,44.9057,0.2844,0.3029,0.2902,0.2521,0,0,1,1,0,0,0,0
15.8164,48.0000,10.0000,100.0000,211.0000,44.6731,0.2881,0.3032,0.2828,0.2666,0,0,1,1,0,0,0,0
15.8379,46.0000,10.0000,100.0000,214.0000,45.7662,0.2707,0.3039,0.2958,0.2683,0,0,1,1,0,0,0,0
15.9388,36.0000,10.0000,100.0000,221.0000,54.9030,0.1251,0.3079,0.3142,0.2112,0,0,1,1,0,0,0,0
15.9599,35.0000,10.0000,100.0000,223.0000,56.3428,0.1022,0.3083,0.3148,0.1677,0,0,1,1,0,0,0,0
15.9832,32.0000,10.0000,100.0000,221.0000,59.3840,0.0537,0.3089,0.3157,0.1222,0,0,1,1,0,0,0,0
16.0046,30.0000,10.0000,100.0000,219.0000,60.8580,0.0302,0.3092,0.3159,0.0855,0,0,1,1,0,0,0,0
16.0260,29.0000,10.0000,100.0000,222.0000,62.3591,0.0063,0.3094,0.3160,0.0540,0,0,1,1,0,0,0,0
16.0444,27.0000,10.0000,100.0000,225.8800,63.9569,0.0000,0.3096,0.3159,0.0324,0,0,1,1,0,0,0,0
16.0629,25.0000,10.0000,100.0000,226.0000,67.2235,0.0000,0.3103,0.3162,0.0194,0,0,1,1,0,0,0,0
16.0842,24.0000,10.0000,100.0000,224.0000,69.1012,0.0000,0.3109,0.3168,0.0117,0,0,1,1,0,0,0,0
16.1045,23.0000,10.0000,100.0000,223.0000,70.9637,0.0000,0.3114,0.3170,0.0070,0,0,1,1,0,0,0,0
16.1251,22.0000,10.0000,100.0000,222.0000,72.1308,0.0000,0.3119,0.3172,0.0042,0,0,1,1,0,0,0,0
16.1489,nan,10.0000,100.0000,231.0000,72.1190,0.0000,0.3123,0.3174,0.0025,0,0,1,1,0,0,0,0
16.1690,0.0000,10.0000,100.0000,239.0000,71.7524,0.0000,0.3126,0.3177,0.0015,0,0,1,1,0,0,0,0
16.1879,nan,10.0000,100.0000,245.0000,71.8613,0.0000,0.3128,0.3178,0.0009,0,0,1,1,0,0,0,0
16.2089,nan,10.0000,100.0000,249.0000,72.8407,0.0000,0.3135,0.3183,0.0005,0,0,1,1,0,0,0,0
16.2340,23.0000,10.0000,100.0000,251.0000,71.8310,0.0000,0.3139,0.3189,0.0003,0,0,1,1,0,0,0,0
16.2548,22.0000,10.0000,100.0000,252.0000,70.7275,0.0000,0.3141,0.3192,0.0002,0,0,1,1,0,0,0,0
16.2752,23.0000,10.0000,100.0000,252.0000,69.3315,0.0000,0.3141,0.3192,0.0001,0,0,1,1,0,0,0,0
16.2966,26.0000,10.0000,100.0000,253.0000,65.4699,0.0000,0.3140,0.3194,0.0001,0,0,1,1,0,0,0,0
16.3179,27.0000,10.0000,100.0000,254.0000,63.0747,0.0000,0.3140,0.3194,0.0000,0,0,1,1,0,0,0,0
16.3374,28.0000,10.0000,100.0000,254.0000,60.3424,0.0385,0.3139,0.3194,0.0155,0,0,1,1,0,0,0,0
16.3605,30.0000,10.0000,100.0000,254.0000,57.2666,0.0875,0.3136,0.3192,0.0444,0,0,1,1,0,0,0,0
16.4600,39.0000,10.0000,100.0000,252.0000,42.3571,0.3250,0.3132,0.3191,0.1567,0,0,1,1,0,0,0,0
16.4821,43.0000,10.0000,100.0000,249.0000,38.8985,0.3802,0.3133,0.3194,0.2462,0,0,1,1,0,0,0,0
16.5030,44.0000,10.0000,100.0000,242.0000,37.6592,0.3999,0.3136,0.3199,0.3077,0,0,1,1,0,0,0,0
16.5252,46.0000,10.0000,100.0000,234.0000,36.5851,0.4170,0.3140,0.3204,0.3515,0,0,1,1,0,0,0,0
16.5459,49.0000,10.0000,100.0000,220.0000,35.1380,0.4401,0.3141,0.3199,0.3870,0,0,1,1,0,0,0,0
16.5689,51.0000,10.0000,100.0000,213.0000,33.8511,0.4606,0.3141,0.3195,0.4165,0,0,1,1,0,0,0,0
16.5874,52.0000,10.0000,100.0000,207.0000,31.9247,0.4913,0.3144,0.3193,0.4465,0,0,1,1,0,0,0,0
16.6084,54.0000,10.0000,100.0000,205.0000,29.2895,0.5333,0.3143,0.3184,0.4813,0,0,1,1,0,0,0,0
16.6303,56.0000,10.0000,100.0000,207.0000,26.3427,0.5802,0.3152,0.3167,0.5209,0,0,1,1,0,0,0,0
16.6525,58.0000,10.0000,100.0000,208.0000,26.3903,0.5795,0.3156,0.3168,0.5444,0,0,1,1,0,0,0,0
16.6709,59.0000,10.0000,100.0000,209.0000,26.8438,0.5722,0.3155,0.3174,0.5556,0,0,1,1,0,0,0,0
16.6912,60.0000,10.0000,100.0000,209.0000,27.0907,0.5683,0.3155,0.3186,0.5607,0,0,1,1,0,0,0,0
16.7140,63.0000,10.0000,100.0000,206.0000,26.8461,0.5722,0.3156,0.3202,0.5654,0,0,1,1,0,0,0,0
16.7337,64.0000,10.0000,100.0000,206.0000,25.9464,0.5865,0.3154,0.3207,0.5739,0,0,1,1,0,0,0,0
16.7540,65.0000,10.0000,100.0000,204.9400,24.6936,0.6065,0.3151,0.3215,0.5870,0,0,1,1,0,0,0,0
16.7744,66.0000,10.0000,100.0000,201.0000,23.3347,0.6282,0.3146,0.3215,0.6035,0,0,1,1,0,0,0,0
16.7985,68.0000,10.0000,100.0000,192.0000,22.3278,0.6442,0.3136,0.3189,0.6198,0,0,1,1,0,0,0,0
16.8191,69.0000,10.0000,100.0000,187.0000,23.6299,0.6235,0.3139,0.3182,0.6213,0,0,1,1,0,0,0,0
16.8377,70.0000,10.0000,100.0000,184.0000,25.6027,0.5920,0.3145,0.3188,0.6097,0,0,1,1,0,0,0,0
16.8590,71.0000,10.0000,100.0000,184.0000,27.7781,0.5574,0.3152,0.3196,0.5888,0,0,1,1,0,0,0,0
16.8797,73.0000,10.0000,100.0000,186.9400,31.7808,0.4936,0.3166,0.3209,0.5508,0,0,1,1,0,0,0,0
16.9819,76.0000,10.0000,100.0000,239.0000,44.5322,0.2904,0.3194,0.3233,0.4467,0,0,1,1,0,0,0,0
17.0043,76.0000,10.0000,100.0000,241.0000,46.7604,0.2549,0.3198,0.3236,0.3701,0,0,1,1,0,0,0,0
17.0222,76.0000,10.0000,100.0000,242.0000,49.1696,0.2165,0.3202,0.3238,0.3087,0,0,1,1,0,0,0,0
17.0442,76.0000,10.0000,100.0000,239.0000,51.6599,0.1768,0.3206,0.3241,0.2561,0,0,1,1,0,0,0,0
17.0655,77.0000,10.0000,100.0000,234.0000,57.0898,0.0903,0.3214,0.3248,0.1899,0,0,1,1,0,0,0,0
17.0852,77.0000,10.0000,100.0000,235.0000,59.6025,0.0502,0.3219,0.3252,0.1341,0,0,1,1,0,0,0,0
17.1040,77.0000,10.0000,100.0000,238.0000,60.9966,0.0280,0.3221,0.3253,0.0918,0,0,1,1,0,0,0,0
17.1248,76.0000,10.0000,100.0000,239.0000,61.0857,0.0266,0.3222,0.3254,0.0658,0,0,1,1,0,0,0,0
17.1472,76.0000,10.0000,100.0000,241.0000,63.2228,0.0000,0.3228,0.3256,0.0395,0,0,1,1,0,0,0,0
17.1674,76.0000,10.0000,100.0000,241.0000,64.1220,0.0000,0.3231,0.3258,0.0237,0,0,1,1,0,0,0,0
17.1873,75.0000,10.0000,100.0000,239.0000,64.7097,0.0000,0.3233,0.3259,0.0142,0,0,1,1,0,0,0,0
17.2083,75.0000,10.0000,100.0000,238.0000,64.8645,0.0000,0.3235,0.3261,0.0085,0,0,1,1,0,0,0,0
17.2305,74.0000,10.0000,100.0000,239.0000,65.5344,0.0000,0.3241,0.3266,0.0051,0,0,1,1,0,0,0,0
17.2520,73.0000,10.0000,100.0000,238.0000,66.0576,0.0000,0.3243,0.3267,0.0031,0,0,1,1,0,0,0,0
17.2706,73.0000,10.0000,100.0000,238.0000,66.3507,0.0000,0.3245,0.3268,0.0018,0,0,1,1,0,0,0,0
17.2917,72.0000,10.0000,100.0000,236.4600,66.5851,0.0000,0.3247,0.3270,0.0011,0,0,1,1,0,0,0,0
17.3131,70.0000,10.0000,100.0000,232.0000,66.1913,0.0000,0.3251,0.3273,0.0007,0,0,1,1,0,0,0,0
17.3341,70.0000,10.0000,100.0000,234.0000,64.9033,0.0000,0.3252,0.3274,0.0004,0,0,1,1,0,0,0,0
17.3539,69.0000,10.0000,100.0000,234.0000,62.7574,0.0000,0.3251,0.3274,0.0003,0,0,1,1,0,0,0,0
17.3748,68.0000,10.0000,100.0000,232.0000,60.7180,0.0325,0.3251,0.3273,0.0133,0,0,1,1,0,0,0,0
17.3964,66.0000,10.0000,100.0000,227.0000,56.9854,0.0919,0.3253,0.3276,0.0449,0,0,1,1,0,0,0,0
17.4985,58.0000,10.0000,100.0000,148.0000,46.9723,0.2515,0.3253,0.3272,0.1276,0,0,1,1,0,0,0,0
17.5170,57.0000,10.0000,100.0000,144.0000,45.3401,0.2775,0.3252,0.3267,0.1877,0,0,1,1,0,0,0,0
17.5376,55.0000,10.0000,100.0000,141.0000,43.7124,0.3035,0.3252,0.3265,0.2341,0,0,1,1,0,0,0,0
17.5595,54.0000,10.0000,100.0000,140.0000,41.9544,0.3315,0.3250,0.3257,0.2731,0,0,1,1,0,0,0,0
17.5808,51.0000,10.0000,100.0000,138.0000,39.1763,0.3757,0.3247,0.3221,0.3142,0,0,1,1,0,0,0,0
17.6023,49.0000,10.0000,100.0000,140.0000,38.3341,0.3892,0.3247,0.3190,0.3443,0,0,1,1,0,0,0,0
17.6215,48.0000,10.0000,100.0000,136.0000,38.1813,0.3916,0.3248,0.3196,0.3633,0,0,1,1,0,0,0,0
17.6416,46.0000,10.0000,100.0000,132.0000,38.6738,0.3837,0.3250,0.3232,0.3715,0,0,1,1,0,0,0,0
17.6630,43.0000,10.0000,100.0000,132.0000,40.4773,0.3550,0.3254,0.3268,0.3650,0,0,1,1,0,0,0,0
17.6865,42.0000,9.1000,100.0000,135.0000,41.2997,0.3419,0.3257,0.3274,0.3558,0,0,1,1,0,0,0,0
17.7097,40.0000,10.0000,100.0000,133.0000,42.0034,0.3307,0.3258,0.3276,0.3459,0,0,1,1,0,0,0,0
17.7320,37.0000,10.0000,100.0000,135.0000,43.3102,0.3099,0.3262,0.3281,0.3315,0,0,1,1,0,0,0,0
17.7555,35.0000,10.0000,100.0000,136.0000,43.9282,0.3000,0.3263,0.3281,0.3190,0,0,1,1,0,0,0,0
17.7759,33.0000,10.0000,100.0000,136.9400,44.5837,0.2896,0.3264,0.3282,0.3073,0,0,1,1,0,0,0,0
17.7975,30.0000,10.0000,100.0000,133.0000,45.8082,0.2701,0.3265,0.3283,0.2925,0,0,1,1,0,0,0,0
17.8170,29.0000,10.0000,100.0000,133.0000,46.3722,0.2611,0.3266,0.3283,0.2800,0,0,1,1,0,0,0,0
17.8377,27.0000,10.0000,100.0000,131.0000,46.9515,0.2518,0.3267,0.3283,0.2688,0,0,1,1,0,0,0,0
17.8552,26.0000,10.0000,100.0000,132.0000,47.5895,0.2417,0.3267,0.3283,0.2581,0,0,1,1,0,0,0,0
17.8754,25.0000,10.0000,100.0000,129.0000,48.2832,0.2306,0.3268,0.3283,0.2472,0,0,1,1,0,0,0,0
17.8978,23.0000,10.0000,100.0000,128.0000,49.7448,0.2073,0.3270,0.3284,0.2313,0,0,1,1,0,0,0,0
18.0059,21.0000,10.0000,100.0000,163.0000,47.9853,0.2354,0.3275,0.3286,0.2330,0,0,1,1,0,0,0,0
18.0243,21.0000,10.0000,100.0000,165.0000,47.5888,0.2417,0.3277,0.3289,0.2366,0,0,1,1,0,0,0,0
18.0487,22.0000,10.0000,100.0000,166.0000,45.2401,0.2791,0.3277,0.3289,0.2537,0,0,1,1,0,0,0,0
18.0686,23.0000,10.0000,100.0000,164.0000,43.7821,0.3023,0.3276,0.3289,0.2732,0,0,1,1,0,0,0,0
18.0874,24.0000,10.0000,100.0000,163.0000,42.1214,0.3288,0.3277,0.3290,0.2955,0,0,1,1,0,0,0,0
18.1095,26.0000,10.0000,100.0000,162.0000,40.3156,0.3576,0.3277,0.3291,0.3204,0,0,1,1,0,0,0,0
18.1291,28.0000,10.0000,100.0000,157.0000,36.2167,0.4229,0.3276,0.3288,0.3615,0,0,1,1,0,0,0,0
18.1510,30.0000,10.0000,100.0000,156.0000,33.9367,0.4592,0.3276,0.3288,0.4006,0,0,1,1,0,0,0,0
18.1709,31.0000,10.0000,100.0000,154.0000,31.7541,0.4940,0.3277,0.3290,0.4381,0,0,1,1,0,0,0,0
18.1907,33.0000,10.0000,100.0000,150.0000,29.6928,0.5269,0.3277,0.3290,0.4736,0,0,1,1,0,0,0,0
18.2128,36.0000,10.0000,100.0000,148.0000,25.9402,0.5866,0.3275,0.3289,0.5189,0,0,1,1,0,0,0,0
18.2358,38.0000,10.0000,100.0000,146.0000,24.3207,0.6125,0.3275,0.3287,0.5564,0,0,1,1,0,0,0,0
18.2537,39.0000,10.0000,100.0000,144.0000,22.8281,0.6362,0.3276,0.3290,0.5884,0,0,1,1,0,0,0,0
18.2750,41.0000,10.0000,100.0000,140.0000,21.4601,0.6580,0.3275,0.3290,0.6163,0,0,1,1,0,0,0,0
18.2962,44.0000,10.0000,100.0000,127.0000,19.2068,0.6939,0.3276,0.3292,0.6474,0,0,1,1,0,0,0,0
18.3174,46.0000,10.0000,100.0000,119.0000,18.3062,0.7083,0.3278,0.3294,0.6718,0,0,1,1,0,0,0,0
18.3382,47.0000,10.0000,100.0000,109.0000,17.5445,0.7204,0.3279,0.3294,0.6913,0,0,1,1,0,0,0,0
18.3569,49.0000,10.0000,100.0000,97.0000,16.7595,0.7329,0.3279,0.3292,0.7080,0,0,1,1,0,0,0,0
18.3743,51.0000,10.0000,100.0000,87.0000,15.7642,0.7488,0.3280,0.3293,0.7243,0,0,1,1,0,0,0,0
18.3973,54.0000,10.0000,100.0000,76.0000,13.1016,0.7912,0.3280,0.3288,0.7511,0,0,1,1,0,0,0,0
18.4170,55.0000,10.0000,100.0000,71.0000,11.9779,0.8091,0.3281,0.3283,0.7743,0,0,1,1,0,0,0,0
18.5202,63.0000,10.0000,100.0000,68.0000,10.2707,0.8363,0.3285,0.3297,0.7992,0,0,1,1,0,0,0,0
18.5406,64.0000,10.0000,100.0000,66.0000,9.7272,0.8450,0.3283,0.3296,0.8175,0,0,1,1,0,0,0,0
18.5653,66.0000,10.0000,100.0000,59.0000,8.3129,0.8675,0.3280,0.3294,0.8375,0,0,1,1,0,0,0,0
18.5837,67.0000,10.0000,100.0000,53.0000,7.7119,0.8771,0.3277,0.3287,0.8534,0,0,1,1,0,0,0,0
18.6045,68.0000,10.0000,100.0000,52.0000,7.5904,0.8790,0.3274,0.3280,0.8637,0,0,1,1,0,0,0,0
18.6224,69.0000,10.0000,100.0000,50.0000,7.8989,0.8741,0.3273,0.3277,0.8679,0,0,1,1,0,0,0,0
18.6408,70.0000,10.0000,100.0000,48.0000,8.4283,0.8657,0.3274,0.3279,0.8670,0,0,1,1,0,0,0,0
18.6652,72.0000,10.0000,100.0000,46.0000,9.5137,0.8484,0.3279,0.3286,0.8596,0,0,1,1,0,0,0,0
18.6846,73.0000,10.0000,100.0000,45.0000,9.9684,0.8412,0.3282,0.3287,0.8522,0,0,1,1,0,0,0,0
18.7038,73.0000,10.0000,100.0000,43.0000,10.4652,0.8332,0.3283,0.3287,0.8447,0,0,1,1,0,0,0,0
18.7255,74.0000,10.0000,100.0000,44.0000,10.9209,0.8260,0.3285,0.3291,0.8372,0,0,1,1,0,0,0,0
18.7471,75.0000,10.0000,100.0000,71.0000,11.6793,0.8139,0.3288,0.3295,0.8279,0,0,1,1,0,0,0,0
18.7669,75.0000,10.0000,100.0000,71.0000,12.0327,0.8083,0.3289,0.3297,0.8201,0,0,1,1,0,0,0,0
18.7874,76.0000,10.0000,100.0000,70.0000,12.3344,0.8035,0.3289,0.3296,0.8134,0,0,1,1,0,0,0,0
18.8083,76.0000,1.0000,100.0000,69.0000,12.6296,0.7988,0.3289,0.3295,0.8076,0,0,1,1,0,0,0,0
18.8305,76.0000,1.0000,100.0000,66.0000,13.2238,0.7893,0.3293,0.3298,0.8003,0,0,1,1,0,0,0,0
18.8507,nan,nan,100.0000,64.0000,13.5106,0.7847,0.3293,0.3299,0.7941,0,0,1,1,0,0,0,0
18.8710,nan,nan,100.0000,60.0000,13.8012,0.7801,0.3293,0.3299,0.7885,0,0,1,1,0,0,0,0
18.8915,nan,nan,100.0000,58.0000,14.0124,0.7767,0.3294,0.3299,0.7838,0,0,1,1,0,0,0,0
18.9149,nan,nan,100.0000,58.0000,13.5745,0.7837,0.3295,0.3300,0.7838,0,0,1,1,0,0,0,0
18.9367,76.0000,nan,100.0000,57.0000,13.3762,0.7869,0.3297,0.3302,0.7850,0,0,1,1,0,0,0,0
19.0390,74.0000,nan,100.0000,46.0000,11.8960,0.8104,0.3302,0.3303,0.7952,0,0,1,1,0,0,0,0
19.0592,73.0000,nan,100.0000,45.0000,11.5550,0.8159,0.3301,0.3303,0.8035,0,0,1,1,0,0,0,0
19.0812,2.0000,nan,100.0000,42.0000,10.7362,0.8289,0.3303,0.3304,0.8137,0,0,1,1,0,0,0,0
19.1030,nan,nan,100.0000,39.0000,10.2864,0.8361,0.3303,0.3304,0.8227,0,0,1,1,0,0,0,0
19.1249,nan,nan,100.0000,34.0000,9.7894,0.8440,0.3304,0.3303,0.8312,0,0,1,1,0,0,0,0
19.1482,69.0000,nan,100.0000,33.0000,8.5790,0.8633,0.3305,0.3306,0.8441,0,0,1,1,0,0,0,0
19.1679,68.0000,nan,100.0000,33.0000,7.9843,0.8728,0.3304,0.3308,0.8556,0,0,1,1,0,0,0,0
19.1876,67.0000,nan,100.0000,32.0000,7.4177,0.8818,0.3302,0.3303,0.8661,0,0,1,1,0,0,0,0
19.2087,66.0000,nan,100.0000,30.0000,6.8746,0.8905,0.3305,0.3307,0.8758,0,0,1,1,0,0,0,0
19.2307,63.0000,nan,nan,16.0000,5.8399,0.9069,0.3305,0.3305,0.8883,0,0,1,1,0,0,0,0
19.2496,nan,nan,nan,3.0000,5.3373,0.9150,0.3304,0.3298,0.8990,0,0,1,1,0,0,0,0
19.2707,nan,nan,nan,1.0000,4.8494,0.9227,0.3303,0.3299,0.9085,0,0,1,1,0,0,0,0
19.2912,nan,nan,nan,1.0000,4.4009,0.9299,0.3303,0.3297,0.9170,0,0,1,1,0,0,0,0
19.3125,nan,nan,nan,0.0000,3.5306,0.9437,0.3302,nan,0.9277,0,0,1,1,0,0,0,0
19.3332,nan,nan,nan,0.0000,3.1459,0.9499,0.3303,nan,0.9366,0,0,1,1,0,0,0,0
19.3537,nan,nan,nan,0.0000,2.7847,0.9556,0.3298,nan,0.9442,0,0,1,1,0,0,0,0
19.3732,nan,nan,nan,0.0000,2.4591,0.9608,0.3298,nan,0.9509,0,0,1,1,0,0,0,0
19.3903,nan,nan,nan,0.0000,2.1656,0.9655,0.3295,nan,0.9567,0,0,1,1,0,0,0,0
19.4078,nan,nan,nan,0.0000,1.8998,0.9697,nan,nan,0.9619,0,0,1,1,0,0,0,0
19.4297,nan,nan,nan,0.0000,1.4061,0.9776,nan,nan,0.9682,0,0,1,1,0,0,0,0
19.4526,nan,nan,nan,0.0000,1.2150,0.9806,nan,nan,0.9732,0,0,1,1,0,0,0,0
19.5529,nan,nan,nan,0.0000,0.2815,0.9955,nan,nan,0.9821,0,0,1,1,0,0,0,0
19.5743,nan,nan,nan,0.0000,0.1928,0.9969,nan,nan,0.9880,0,0,1,1,0,0,0,0
19.5956,nan,nan,nan,0.0000,0.0893,0.9986,nan,nan,0.9923,0,0,1,1,0,0,0,0
19.6197,nan,nan,nan,0.0000,0.0513,0.9992,nan,nan,0.9950,0,0,1,1,0,0,0,0
19.6371,nan,nan,nan,0.0000,0.0226,0.9996,nan,nan,0.9969,0,0,1,1,0,0,0,0
19.6578,nan,nan,nan,0.0000,0.0062,0.9999,nan,nan,0.9981,0,0,1,1,0,0,0,0
19.6794,nan,nan,nan,0.0000,0.0015,1.0000,nan,nan,0.9988,0,0,1,1,0,0,0,0
19.7019,nan,nan,nan,0.0000,0.0012,1.0000,nan,nan,0.9993,0,0,1,1,0,0,0,0
19.7231,nan,nan,nan,0.0000,0.0008,1.0000,nan,nan,0.9996,0,0,1,1,0,0,0,0
19.7433,nan,nan,nan,0.0000,0.0008,1.0000,nan,nan,0.9997,0,0,1,1,0,0,0,0
19.7621,nan,nan,nan,0.0000,0.0004,1.0000,nan,nan,0.9998,0,0,1,1,0,0,0,0
19.7830,nan,nan,nan,0.0000,0.0004,1.0000,nan,nan,0.9999,0,0,1,1,0,0,0,0
19.8036,nan,nan,nan,0.0000,0.0004,1.0000,nan,nan,0.9999,0,0,1,1,0,0,0,0
19.8211,nan,nan,nan,0.0000,0.0000,1.0000,nan,nan,1.0000,0,0,1,1,0,0,0,0
19.8386,nan,nan,nan,0.0000,0.0000,1.0000,nan,nan,1.0000,0,0,1,1,0,0,0,0
19.8571,nan,nan,nan,0.0000,0.0000,1.0000,nan,nan,1.0000,0,0,1,1,0,0,0,0
19.8796,nan,nan,nan,0.0000,0.0000,1.0000,nan,nan,1.0000,0,0,1,1,0,0,0,0
19.8996,nan,nan,nan,0.0000,0.0000,1.0000,nan,nan,1.0000,0,0,1,1,0,0,0,0
19.9198,nan,nan,nan,0.0000,0.0000,1.0000,nan,nan,1.0000,0,0,1,1,0,0,0,0
19.9404,nan,nan,nan,0.0000,0.0000,1.0000,nan,nan,1.0000,0,0,1,1,0,0,0,0
19.9635,nan,nan,nan,0.0000,0.0000,1.0000,nan,nan,1.0000,0,0,1,1,0,0,0,0
20.0636,nan,nan,nan,0.0000,0.0000,1.0000,nan,nan,1.0000,0,0,1,1,0,0,0,0
20.0831,nan,nan,nan,0.0000,0.0000,1.0000,nan,nan,1.0000,0,0,1,1,0,0,0,0
20.1039,nan,nan,nan,0.0000,0.0000,1.0000,nan,nan,1.0000,0,0,1,1,0,0,0,0
20.1246,nan,nan,nan,0.0000,0.0000,1.0000,nan,nan,1.0000,0,0,1,1,0,0,0,0
20.1460,nan,nan,nan,0.0000,0.0000,1.0000,nan,nan,1.0000,0,0,1,1,0,0,0,0
20.1669,nan,nan,nan,0.0000,0.0000,1.0000,nan,nan,1.0000,0,0,1,1,0,0,0,0
20.1877,nan,nan,nan,0.0000,0.0000,1.0000,nan,nan,1.0000,0,0,1,1,0,0,0,0
20.2071,nan,nan,nan,0.0000,0.0000,1.0000,nan,nan,1.0000,0,0,1,1,0,0,0,0
20.2297,nan,nan,nan,0.0000,0.0000,1.0000,nan,nan,1.0000,0,0,1,1,0,0,0,0
20.2543,nan,nan,nan,0.0000,0.0000,1.0000,nan,nan,1.0000,0,0,1,1,0,0,0,0
20.2737,nan,nan,nan,0.0000,0.0000,1.0000,nan,nan,1.0000,0,0,1,1,0,0,0,0
20.2981,nan,nan,nan,0.0000,0.0000,1.0000,nan,nan,1.0000,0,0,1,1,0,0,0,0
20.3186,nan,nan,nan,0.0000,0.0000,1.0000,nan,nan,1.0000,0,0,1,1,0,0,0,0
20.3367,nan,nan,nan,0.0000,0.0000,1.0000,nan,nan,1.0000,0,0,1,1,0,0,0,0
20.3568,nan,nan,nan,0.0000,0.0000,1.0000,nan,nan,1.0000,0,0,1,1,0,0,0,0
20.3745,nan,nan,nan,0.0000,0.0000,1.0000,nan,nan,1.0000,0,0,1,1,0,0,0,0
20.3977,nan,nan,nan,0.0000,0.0000,1.0000,nan,nan,1.0000,0,0,1,1,0,0,0,0
20.4165,nan,nan,nan,0.0000,0.0000,1.0000,nan,nan,1.0000,0,0,1,1,0,0,0,0
20.4371,nan,nan,nan,0.0000,0.0000,1.0000,nan,nan,1.0000,0,0,1,1,0,0,0,0
20.4566,nan,nan,nan,0.0000,0.0000,1.0000,nan,nan,1.0000,0,0,1,1,0,0,0,0
20.4729,nan,nan,nan,0.0000,0.0000,1.0000,nan,nan,1.0000,0,0,1,1,0,0,0,0
20.5746,nan,nan,nan,0.0000,0.0000,1.0000,nan,nan,1.0000,0,0,1,1,0,0,0,0
20.5973,nan,nan,nan,0.0000,0.0000,1.0000,nan,nan,1.0000,0,0,1,1,0,0,0,0
20.6202,nan,nan,nan,0.0000,0.0000,1.0000,nan,nan,1.0000,0,0,1,1,0,0,0,0
20.6376,nan,nan,nan,0.0000,0.0000,1.0000,nan,nan,1.0000,0,0,1,1,0,0,0,0
20.6544,nan,nan,nan,0.0000,0.0000,1.0000,nan,nan,1.0000,0,0,1,1,0,0,0,0
20.6734,nan,nan,nan,0.0000,0.0000,1.0000,nan,nan,1.0000,0,0,1,1,0,0,0,0
20.6904,nan,nan,nan,0.0000,0.0000,1.0000,nan,nan,1.0000,0,0,1,1,0,0,0,0
20.7071,nan,nan,nan,0.0000,0.0000,1.0000,nan,nan,1.0000,0,0,1,1,0,0,0,0
20.7295,nan,nan,nan,0.0000,0.0000,1.0000,nan,nan,1.0000,0,0,1,1,0,0,0,0
20.7527,nan,nan,nan,0.0000,0.0000,1.0000,nan,nan,1.0000,0,0,1,1,0,0,0,0
20.7733,nan,nan,nan,0.0000,0.0000,1.0000,nan,nan,1.0000,0,0,1,1,0,0,0,0
20.7900,nan,nan,nan,0.0000,0.0000,1.0000,nan,nan,1.0000,0,0,1,1,0,0,0,0
20.8068,nan,nan,nan,0.0000,0.0000,1.0000,nan,nan,1.0000,0,0,1,1,0,0,0,0
20.8233,nan,nan,nan,0.0000,0.0000,1.0000,nan,nan,1.0000,0,0,1,1,0,0,0,0
20.8494,nan,nan,nan,0.0000,0.0000,1.0000,nan,nan,1.0000,0,0,1,1,0,0,0,0
20.8702,nan,nan,nan,0.0000,0.0000,1.0000,nan,nan,1.0000,0,0,1,1,0,0,0,0
20.8902,nan,nan,nan,0.0000,0.0000,1.0000,nan,nan,1.0000,0,0,1,1,0,0,0,0
20.9073,nan,nan,nan,0.0000,0.0000,1.0000,nan,nan,1.0000,0,0,1,1,0,0,0,0
20.9301,nan,nan,nan,0.0000,0.0000,1.0000,nan,nan,1.0000,0,0,1,1,0,0,0,0
20.9496,nan,nan,nan,0.0000,0.0000,1.0000,nan,nan,1.0000,0,0,1,1,0,0,0,0
20.9700,nan,nan,nan,0.0000,0.0000,1.0000,nan,nan,1.0000,0,0,1,1,0,0,0,0
20.9903,nan,nan,nan,0.0000,0.0000,1.0000,nan,nan,1.0000,0,0,1,1,0,0,0,0
21.0976,nan,nan,nan,0.0000,0.0000,1.0000,nan,nan,1.0000,0,0,0,0,0,0,0,0
21.1165,nan,nan,nan,0.0000,0.0000,1.0000,nan,nan,1.0000,0,0,0,0,0,0,0,0
21.1369,nan,nan,nan,0.0000,0.0000,1.0000,nan,nan,1.0000,0,0,0,0,0,0,0,0
21.1571,nan,nan,nan,0.0000,0.0000,1.0000,nan,nan,1.0000,0,0,0,0,0,0,0,0
21.1804,nan,nan,nan,0.0000,0.0000,1.0000,nan,nan,1.0000,0,0,0,0,0,0,0,0
21.1993,nan,nan,nan,0.0000,0.0000,1.0000,nan,nan,1.0000,0,0,0,0,0,0,0,0
21.2204,nan,nan,nan,0.0000,0.0000,1.0000,nan,nan,1.0000,0,0,0,0,0,0,0,0
21.2429,nan,nan,nan,0.0000,0.0000,1.0000,nan,nan,1.0000,0,0,0,0,0,0,0,0
21.2663,nan,nan,nan,0.0000,0.0000,1.0000,nan,nan,1.0000,0,0,0,0,0,0,0,0
21.2879,nan,nan,nan,0.0000,0.0000,1.0000,nan,nan,1.0000,0,0,0,0,0,0,0,0
21.3091,nan,nan,nan,0.0000,0.0000,1.0000,nan,nan,1.0000,0,0,0,0,0,0,0,0
21.3298,nan,nan,nan,0.0000,0.0000,1.0000,nan,nan,1.0000,0,0,0,0,0,0,0,0
21.3495,nan,nan,nan,0.0000,0.0000,1.0000,nan,nan,1.0000,0,0,0,0,0,0,0,0
21.3709,nan,nan,nan,0.0000,0.0000,1.0000,nan,nan,1.0000,0,0,0,0,0,0,0,0
21.3885,nan,nan,nan,0.0000,0.0000,1.0000,nan,nan,1.0000,0,0,0,0,0,0,0,0
21.4082,nan,nan,nan,0.0000,0.0000,1.0000,nan,nan,1.0000,0,0,0,0,0,0,0,0
21.4297,nan,nan,nan,0.0000,0.0000,1.0000,nan,nan,1.0000,0,0,0,0,0,0,0,0
21.4492,nan,nan,nan,0.0000,0.0000,1.0000,nan,nan,1.0000,0,0,0,0,0,0,0,0
21.4700,nan,nan,nan,0.0000,0.0000,1.0000,nan,nan,1.0000,0,0,0,0,0,0,0,0
21.4908,nan,nan,nan,0.0000,0.0000,1.0000,nan,nan,1.0000,0,0,0,0,0,0,0,0
21.5977,nan,nan,nan,0.0000,0.0000,1.0000,nan,nan,1.0000,0,0,0,0,0,0,0,0
21.6187,nan,nan,nan,0.0000,0.0000,1.0000,nan,nan,1.0000,0,0,0,0,0,0,0,0
21.6372,nan,nan,nan,0.0000,0.0000,1.0000,nan,nan,1.0000,0,0,0,0,0,0,0,0
21.6567,nan,nan,nan,0.0000,0.0000,1.0000,nan,nan,1.0000,0,0,0,0,0,0,0,0
21.6735,nan,nan,nan,0.0000,0.0000,1.0000,nan,nan,1.0000,0,0,0,0,0,0,0,0
21.6901,nan,nan,nan,0.0000,0.0000,1.0000,nan,nan,1.0000,0,0,0,0,0,0,0,0
21.7067,nan,nan,nan,0.0000,0.0000,1.0000,nan,nan,1.0000,0,0,0,0,0,0,0,0
21.7283,nan,nan,nan,0.0000,0.0000,1.0000,nan,nan,1.0000,0,0,0,0,0,0,0,0
21.7518,nan,nan,nan,0.0000,0.0000,1.0000,nan,nan,1.0000,0,0,0,0,0,0,0,0
21.7696,nan,nan,nan,0.0000,0.0000,1.0000,nan,nan,1.0000,0,0,0,0,0,0,0,0
21.7862,nan,nan,nan,0.0000,0.0000,1.0000,nan,nan,1.0000,0,0,0,0,0,0,0,0
21.8037,nan,nan,nan,0.0000,0.0000,1.0000,nan,nan,1.0000,0,0,0,0,0,0,0,0
21.8216,nan,nan,nan,0.0000,0.0000,1.0000,nan,nan,1.0000,0,0,0,0,0,0,0,0
21.8408,nan,nan,nan,0.0000,0.0000,1.0000,nan,nan,1.0000,0,0,0,0,0,0,0,0
21.8667,nan,nan,nan,0.0000,0.0000,1.0000,nan,nan,1.0000,0,0,0,0,0,0,0,0
21.8909,nan,nan,nan,0.0000,0.0000,1.0000,nan,nan,1.0000,0,0,0,0,0,0,0,0
21.9159,nan,nan,nan,0.0000,0.0000,1.0000,nan,nan,1.0000,0,0,0,0,0,0,0,0
21.9375,nan,nan,nan,0.0000,0.0000,1.0000,nan,nan,1.0000,0,0,0,0,0,0,0,0
21.9567,nan,nan,nan,0.0000,0.0000,1.0000,nan,nan,1.0000,0,0,0,0,0,0,0,0
21.9735,nan,nan,nan,0.0000,0.0000,1.0000,nan,nan,1.0000,0,0,0,0,0,0,0,0
21.9956,nan,nan,nan,0.0000,0.0000,1.0000,nan,nan,1.0000,0,0,0,0,0,0,0,0
22.0974,nan,nan,nan,0.0000,0.0000,1.0000,nan,nan,1.0000,0,0,0,0,0,0,0,0
22.1165,nan,nan,nan,0.0000,0.0000,1.0000,nan,nan,1.0000,0,0,0,0,0,0,0,0
22.1365,nan,nan,nan,0.0000,0.0000,1.0000,nan,nan,1.0000,0,0,0,0,0,0,0,0
22.1573,nan,nan,nan,0.0000,0.0000,1.0000,nan,nan,1.0000,0,0,0,0,0,0,0,0
22.1795,nan,nan,nan,0.0000,0.0000,1.0000,nan,nan,1.0000,0,0,0,0,0,0,0,0
22.1993,nan,nan,nan,0.0000,0.0000,1.0000,nan,nan,1.0000,0,0,0,0,0,0,0,0
22.2204,nan,nan,nan,0.0000,0.0000,1.0000,nan,nan,1.0000,0,0,0,0,0,0,0,0
22.2396,nan,nan,nan,0.0000,0.0000,1.0000,nan,nan,1.0000,0,0,0,0,0,0,0,0
22.2567,nan,nan,nan,0.0000,0.0000,1.0000,nan,nan,1.0000,0,0,0,0,0,0,0,0
22.2730,nan,nan,nan,0.0000,0.0000,1.0000,nan,nan,1.0000,0,0,0,0,0,0,0,0
22.2957,nan,nan,nan,0.0000,0.0000,1.0000,nan,nan,1.0000,0,0,0,0,0,0,0,0
22.3163,nan,nan,nan,0.0000,0.0000,1.0000,nan,nan,1.0000,0,0,0,0,0,0,0,0
22.3365,nan,nan,nan,0.0000,0.0000,1.0000,nan,nan,1.0000,0,0,0,0,0,0,0,0
22.3578,nan,nan,nan,0.0000,0.0000,1.0000,nan,nan,1.0000,0,0,0,0,0,0,0,0
22.3801,nan,nan,nan,0.0000,0.0000,1.0000,nan,nan,1.0000,0,0,0,0,0,0,0,0
22.3991,nan,nan,nan,0.0000,0.0000,1.0000,nan,nan,1.0000,0,0,0,0,0,0,0,0
22.4216,nan,nan,nan,0.0000,0.0000,1.0000,nan,nan,1.0000,0,0,0,0,0,0,0,0
22.4409,nan,nan,nan,0.0000,0.0000,1.0000,nan,nan,1.0000,0,0,0,0,0,0,0,0
22.4575,nan,nan,nan,0.0000,0.0000,1.0000,nan,nan,1.0000,0,0,0,0,0,0,0,0
22.4751,nan,nan,nan,0.0000,0.0000,1.0000,nan,nan,1.0000,0,0,0,0,0,0,0,0
22.4928,nan,nan,nan,0.0000,0.0000,1.0000,nan,nan,1.0000,0,0,0,0,0,0,0,0
22.5130,nan,nan,nan,0.0000,0.0000,1.0000,nan,nan,1.0000,0,0,0,0,0,0,0,0
