t,speed,g,ab,hud_lum,cam_mean,dark_level_cam,cam_red,cam_red_edge,dark_level,cam_view_idx,cam_hud_valid,cam_dark_sustained,cam_step,cam_d0,strafe_lat,strafe_long,strafe_vert,roll,pitch,yaw,boost,view
0.0244,0.0000,0.0000,100.0000,255.0000,15.2312,0.0007,0.2435,0.2850,nan,0.0000,1.0000,0.0000,0.0000,0.0375,0,0,0,0,0,0,0,0
0.1175,0.0000,0.0000,100.0000,255.0000,15.1570,0.0056,0.2439,0.2855,nan,0.0000,1.0000,0.0000,0.0141,0.0330,0,0,0,0,0,0,0,0
0.1362,0.0000,0.0000,100.0000,255.0000,15.2426,0.0000,0.2433,0.2848,nan,0.0000,1.0000,0.0000,0.0080,0.0295,0,0,0,0,0,0,0,0
0.1525,0.0000,0.0000,100.0000,255.0000,15.1653,0.0050,0.2439,0.2854,nan,0.0000,1.0000,0.0000,0.0078,0.0317,0,0,0,0,0,0,0,0
0.1708,0.0000,0.0000,100.0000,255.0000,15.1555,0.0057,0.2442,0.2858,nan,0.0000,1.0000,0.0000,0.0041,0.0303,0,0,0,0,0,0,0,0
0.1905,0.0000,0.0000,100.0000,255.0000,15.1312,0.0073,0.2442,0.2859,nan,0.0000,1.0000,0.0000,0.0050,0.0295,0,0,0,0,0,0,0,0
0.2117,0.0000,0.0000,100.0000,255.0000,15.1302,0.0073,0.2444,0.2860,nan,0.0000,1.0000,0.0000,0.0028,0.0282,0,0,0,0,0,0,0,0
0.2329,0.0000,0.0000,100.0000,255.0000,15.2272,0.0010,0.2434,0.2851,nan,0.0000,1.0000,0.0000,0.0106,0.0232,0,0,0,0,0,0,0,0
0.2532,0.0000,0.0000,100.0000,255.0000,15.2157,0.0017,0.2435,0.2851,nan,0.0000,1.0000,0.0000,0.0031,0.0222,0,0,0,0,0,0,0,0
0.2746,0.0000,0.0000,100.0000,255.0000,15.2002,0.0027,0.2433,0.2849,nan,0.0000,1.0000,0.0000,0.0040,0.0212,0,0,0,0,0,0,0,0
0.2939,0.0000,0.0000,100.0000,255.0000,15.1636,0.0051,0.2436,0.2853,nan,0.0000,1.0000,0.0000,0.0055,0.0217,0,0,0,0,0,0,0,0
0.3109,0.0000,0.0000,100.0000,255.0000,15.2543,0.0000,0.2441,0.2857,nan,0.0000,1.0000,0.0000,0.0088,0.0181,0,0,0,0,0,0,0,0
0.3266,0.0000,0.0000,100.0000,255.0000,15.2520,0.0000,0.2439,0.2856,nan,0.0000,1.0000,0.0000,0.0032,0.0168,0,0,0,0,0,0,0,0
0.3503,0.0000,0.0000,100.0000,255.0000,15.2544,0.0000,0.2439,0.2855,nan,0.0000,1.0000,0.0000,0.0047,0.0149,0,0,0,0,0,0,0,0
0.3699,0.0000,0.0000,100.0000,255.0000,15.2823,0.0000,0.2438,0.2854,nan,0.0000,1.0000,0.0000,0.0052,0.0144,0,0,0,0,0,0,0,0
0.3907,nan,0.0000,100.0000,255.0000,15.2358,0.0004,0.2433,0.2851,nan,0.0000,1.0000,0.0000,0.0068,0.0117,0,0,0,0,0,0,0,0
0.4070,0.0000,0.0000,100.0000,255.0000,15.1969,0.0030,0.2443,0.2862,nan,0.0000,1.0000,0.0000,0.0058,0.0130,0,0,0,0,0,0,0,0
0.4238,0.0000,0.0000,100.0000,255.0000,15.2857,0.0000,0.2442,0.2859,nan,0.0000,1.0000,0.0000,0.0084,0.0107,0,0,0,0,0,0,0,0
0.4449,0.0000,0.0000,100.0000,255.0000,15.1898,0.0034,0.2444,0.2863,nan,0.0000,1.0000,0.0000,0.0081,0.0104,0,0,0,0,0,0,0,0
0.4664,0.0000,0.0000,100.0000,255.0000,15.2028,0.0026,0.2442,0.2861,nan,0.0000,1.0000,0.0000,0.0051,0.0087,0,0,0,0,0,0,0,0
0.4867,0.0000,0.0000,100.0000,255.0000,15.2034,0.0025,0.2444,0.2864,nan,0.0000,1.0000,0.0000,0.0035,0.0077,0,0,0,0,0,0,0,0
0.5068,0.0000,0.0000,100.0000,255.0000,15.1223,0.0078,0.2437,0.2856,nan,0.0000,1.0000,0.0000,0.0078,0.0118,0,0,0,0,0,0,0,0
0.5236,0.0000,0.0000,100.0000,255.0000,15.2419,0.0000,0.2440,0.2858,nan,0.0000,1.0000,0.0000,0.0089,0.0074,0,0,0,0,0,0,0,0
0.5406,0.0000,0.0000,100.0000,255.0000,15.2565,0.0000,0.2440,0.2857,nan,0.0000,1.0000,0.0000,0.0044,0.0088,0,0,0,0,0,0,0,0
0.6347,0.0000,0.0000,100.0000,255.0000,15.3043,0.0000,0.2440,0.2858,nan,0.0000,1.0000,0.0000,0.0123,0.0175,0,0,0,0,0,0,0,0
0.6544,0.0000,0.0000,100.0000,255.0000,15.3564,0.0000,0.2447,0.2866,nan,0.0000,1.0000,0.0000,0.0061,0.0199,0,0,0,0,0,0,0,0
0.6741,0.0000,0.0000,100.0000,255.0000,15.2862,0.0000,0.2444,0.2864,nan,0.0000,1.0000,0.0000,0.0070,0.0186,0,0,0,0,0,0,0,0
0.6944,0.0000,0.0000,100.0000,255.0000,15.2865,0.0000,0.2444,0.2863,nan,0.0000,1.0000,0.0000,0.0028,0.0191,0,0,0,0,0,0,0,0
0.7109,0.0000,0.0000,100.0000,255.0000,15.3363,0.0000,0.2444,0.2864,nan,0.0000,1.0000,0.0000,0.0070,0.0223,0,0,0,0,0,0,0,0
0.7350,0.0000,0.0000,100.0000,255.0000,15.2082,0.0022,0.2450,0.2871,nan,0.0000,1.0000,0.0000,0.0110,0.0218,0,0,0,0,0,0,0,0
0.7544,0.0000,0.0000,100.0000,255.0000,15.2018,0.0026,0.2439,0.2860,nan,0.0000,1.0000,0.0000,0.0041,0.0230,0,0,0,0,0,0,0,0
0.7739,0.0000,0.0000,100.0000,255.0000,15.2290,0.0008,0.2445,0.2864,nan,0.0000,1.0000,0.0000,0.0057,0.0223,0,0,0,0,0,0,0,0
0.7948,0.0000,0.0000,100.0000,255.0000,15.2114,0.0020,0.2440,0.2860,nan,0.0000,1.0000,0.0000,0.0066,0.0256,0,0,0,0,0,0,0,0
0.8183,0.0000,0.0000,100.0000,255.0000,15.3322,0.0000,0.2446,0.2865,nan,0.0000,1.0000,0.0000,0.0114,0.0274,0,0,0,0,0,0,0,0
0.8376,0.0000,0.0000,100.0000,255.0000,15.3053,0.0000,0.2445,0.2864,nan,0.0000,1.0000,0.0000,0.0056,0.0274,0,0,0,0,0,0,0,0
0.8571,0.0000,0.0000,100.0000,255.0000,15.2176,0.0016,0.2442,0.2860,nan,0.0000,1.0000,0.0000,0.0082,0.0262,0,0,0,0,0,0,0,0
0.8739,0.0000,0.0000,100.0000,255.0000,15.3219,0.0000,0.2443,0.2861,nan,0.0000,1.0000,0.0000,0.0099,0.0316,0,0,0,0,0,0,0,0
0.8905,nan,0.0000,100.0000,255.0000,15.3105,0.0000,0.2448,0.2867,nan,0.0000,1.0000,0.0000,0.0049,0.0314,0,0,0,0,0,0,0,0
0.9107,0.0000,0.0000,100.0000,255.0000,15.3235,0.0000,0.2448,0.2867,nan,0.0000,1.0000,0.0000,0.0052,0.0321,0,0,0,0,0,0,0,0
0.9269,0.0000,0.0000,100.0000,255.0000,15.3289,0.0000,0.2446,0.2864,nan,0.0000,1.0000,0.0000,0.0039,0.0332,0,0,0,0,0,0,0,0
0.9442,0.0000,0.0000,100.0000,255.0000,15.4198,0.0000,0.2447,0.2865,nan,0.0000,1.0000,0.0000,0.0081,0.0363,0,0,0,0,0,0,0,0
0.9608,0.0000,0.0000,100.0000,255.0000,15.3217,0.0000,0.2445,0.2863,nan,0.0000,1.0000,0.0000,0.0085,0.0358,0,0,0,0,0,0,0,0
0.9857,nan,0.0000,100.0000,255.0000,15.3470,0.0000,0.2452,0.2871,nan,0.0000,1.0000,0.0000,0.0087,0.0405,0,0,0,0,0,0,0,0
1.0049,0.0000,0.0000,100.0000,255.0000,15.2603,0.0000,0.2447,0.2867,0.0000,0.0000,1.0000,0.0000,0.0085,0.0398,0,0,0,0,0,0,0,0
1.0272,0.0000,0.0000,100.0000,255.0000,15.2639,0.0000,0.2442,0.2862,0.0000,0.0000,1.0000,0.0000,0.0040,0.0410,0,0,1,0.25,0,0,1,0
1.0441,0.0000,0.0000,100.0000,255.0000,15.2563,0.0000,0.2445,0.2866,0.0000,0.0000,1.0000,0.0000,0.0041,0.0432,0,0,1,0.25,0,0,1,0
1.1356,1.0000,2.5000,99.0000,255.0000,15.5955,0.0000,0.2448,0.2865,0.0000,0.0000,1.0000,0.0000,0.0328,0.0626,0,0,1,0.25,0,0,1,0
1.1526,1.0000,3.3000,99.0000,255.0000,15.5727,0.0000,0.2450,0.2867,0.0000,0.0000,1.0000,0.0000,0.0154,0.0729,0,0,1,0.25,0,0,1,0
1.1696,2.0000,4.2000,99.0000,255.0000,15.3896,0.0000,0.2444,0.2859,0.0000,0.0000,1.0000,0.0000,0.0222,0.0855,0,0,1,0.25,0,0,1,0
1.1903,3.0000,5.0000,99.0000,255.0000,15.0791,0.0107,0.2435,0.2853,0.0040,0.0000,1.0000,0.0000,0.0296,0.1036,0,0,1,0.25,0,0,1,0
1.2083,4.0000,5.9000,99.0000,255.0000,14.9734,0.0176,0.2426,0.2843,0.0092,0.0000,1.0000,0.0000,0.0285,0.1270,0,0,1,0.25,0,0,1,0
1.2278,5.0000,6.9000,99.0000,255.0000,14.7803,0.0303,0.2423,0.2839,0.0174,0.0000,1.0000,0.0000,0.0322,0.1522,0,0,1,0.25,0,0,1,0
1.2503,8.0000,8.7000,99.0000,255.0000,14.0843,0.0759,0.2395,0.2811,0.0406,0.0000,1.0000,0.0000,0.0716,0.2080,0,0,1,0.25,0,0,1,0
1.2711,9.0000,9.7000,99.0000,255.0000,13.7496,0.0979,0.2377,0.2792,0.0633,0.0000,1.0000,0.0000,0.0384,0.2361,0,0,1,0.25,0,0,1,0
1.2909,11.0000,10.6000,99.0000,255.0000,13.2733,0.1292,0.2354,0.2767,0.0894,0.0000,1.0000,0.0000,0.0446,0.2651,0,0,1,0.25,0,0,1,0
1.3108,13.0000,10.7000,99.0000,255.0000,12.8706,0.1556,0.2335,0.2744,0.1157,0.0000,1.0000,0.0000,0.0449,0.2959,0,0,1,0.25,0,0,1,0
1.3269,14.0000,10.8000,99.0000,255.0000,12.4833,0.1810,0.2315,0.2717,0.1416,0.0000,1.0000,0.0000,0.0448,0.3241,0,0,1,0.25,0,0,1,0
1.3491,18.0000,11.0000,99.0000,255.0000,11.6309,0.2369,0.2254,0.2628,0.1796,0.0000,1.0000,0.0000,0.0936,0.3867,0,0,1,0.25,0,0,1,0
1.3704,20.0000,11.1000,99.0000,255.0000,11.3416,0.2559,0.2236,0.2596,0.2099,0.0000,1.0000,0.0000,0.0460,0.4161,0,0,1,0.25,0,0,1,0
1.3906,22.0000,11.1000,99.0000,255.0000,10.9661,0.2805,0.2202,0.2545,0.2380,0.0000,1.0000,0.0000,0.0481,0.4478,0,0,1,0.25,0,0,1,0
1.4103,23.0000,11.2000,99.0000,255.0000,10.6243,0.3030,0.2173,0.2497,0.2638,0.0000,1.0000,0.0000,0.0480,0.4779,0,0,1,0.25,0,0,1,0
1.4276,25.0000,11.3000,99.0000,255.0000,10.3007,0.3242,0.2151,0.2458,0.2878,0.0000,1.0000,0.0000,0.0451,0.5071,0,0,1,0.25,0,0,1,0
1.4504,29.0000,11.5000,99.0000,255.0000,9.7770,0.3585,0.2113,0.2382,0.3159,0.0000,1.0000,0.0000,0.0772,0.5586,0,0,1,0.25,0,0,1,0
1.4705,31.0000,11.6000,99.0000,255.0000,9.5259,0.3750,0.2090,0.2340,0.3394,0.0000,1.0000,0.0000,0.0448,0.5864,0,0,1,0.25,0,0,1,0
1.4909,33.0000,11.6000,99.0000,255.0000,9.2454,0.3934,0.2060,0.2285,0.3609,0.0000,1.0000,0.0000,0.0476,0.6172,0,0,1,0.25,0,0,1,0
1.5106,35.0000,11.7000,99.0000,255.0000,8.9828,0.4107,0.2038,0.2243,0.3806,0.0000,1.0000,0.0000,0.0490,0.6473,0,0,1,0.25,0,0,1,0
1.5270,37.0000,11.8000,99.0000,255.0000,8.7250,0.4276,0.2011,0.2190,0.3993,0.0000,1.0000,0.0000,0.0499,0.6776,0,0,1,0.25,0,0,1,0
1.5443,39.0000,11.9000,99.0000,255.0000,8.4985,0.4424,0.1980,0.2133,0.4164,0.0000,1.0000,0.0000,0.0447,0.7041,0,0,1,0.25,0,0,1,0
1.6380,50.0000,12.4000,98.0000,255.0000,7.5968,0.5016,0.1889,0.1891,0.4504,0.0000,1.0000,0.0000,0.1813,0.8178,0,0,1,0.25,0,0,1,0
1.6572,52.0000,12.5000,98.0000,255.0000,7.5510,0.5046,0.1879,0.1858,0.4719,0.0000,1.0000,0.0000,0.0348,0.8305,0,0,1,0.25,0,0,1,0
1.6740,54.0000,12.6000,98.0000,255.0000,7.5063,0.5075,0.1870,0.1832,0.4861,0.0000,1.0000,0.0000,0.0347,0.8422,0,0,1,0.25,0,0,1,0
1.6935,56.0000,12.6000,98.0000,255.0000,7.4604,0.5105,0.1866,0.1805,0.4957,0.0000,1.0000,0.0000,0.0342,0.8546,0,0,1,0.25,0,0,1,0
1.7109,58.0000,12.7000,98.0000,255.0000,7.2593,0.5237,0.1845,0.1760,0.5068,0.0000,1.0000,0.0000,0.0433,0.8633,0,0,1,0.25,0,0,1,0
1.7278,61.0000,12.8000,98.0000,255.0000,6.9079,0.5468,0.1801,0.1682,0.5227,0.0000,1.0000,0.0000,0.0625,0.8687,0,0,1,0.25,0,0,1,0
1.7506,65.0000,13.0000,98.0000,252.0000,6.5556,0.5699,0.1758,0.1567,0.5415,0.0000,1.0000,0.0000,0.0746,0.8876,0,0,1,0.25,0,0,1,0
1.7708,67.0000,13.0000,98.0000,253.0000,6.5079,0.5730,0.1746,0.1521,0.5540,0.0000,1.0000,0.0000,0.0343,0.8970,0,0,1,0.25,0,0,1,0
1.7913,69.0000,13.0000,98.0000,255.0000,6.5414,0.5708,0.1748,0.1498,0.5606,0.0000,1.0000,0.0000,0.0337,0.9134,0,0,1,0.25,0,0,1,0
1.8108,71.0000,13.0000,98.0000,255.0000,6.5442,0.5706,0.1743,0.1479,0.5645,0.0000,1.0000,0.0000,0.0339,0.9223,0,0,1,0.25,0,0,1,0
1.8279,73.0000,13.0000,97.0000,255.0000,6.7407,0.5577,0.1766,0.1507,0.5617,0.0000,1.0000,0.0000,0.0487,0.9274,0,0,1,0.25,0,0,1,0
1.8505,77.0000,13.0000,97.0000,255.0000,6.6230,0.5655,0.1755,0.1460,0.5631,0.0000,1.0000,0.0000,0.0522,0.9369,0,0,1,0.25,0,0,1,0
1.8708,79.0000,13.0000,97.0000,255.0000,6.4461,0.5771,0.1731,0.1405,0.5686,0.0000,1.0000,0.0000,0.0411,0.9395,0,0,1,0.25,0,0,1,0
1.8903,81.0000,13.0000,97.0000,255.0000,6.2757,0.5883,0.1713,0.1364,0.5764,0.0000,1.0000,0.0000,0.0408,0.9460,0,0,1,0.25,0,0,1,0
1.9108,83.0000,13.0000,97.0000,255.0000,6.1389,0.5972,0.1690,0.1321,0.5846,0.0000,1.0000,0.0000,0.0400,0.9541,0,0,1,0.25,0,0,1,0
1.9274,85.0000,13.0000,97.0000,255.0000,5.9287,0.6110,0.1666,0.1277,0.5951,0.0000,1.0000,0.0000,0.0472,0.9594,0,0,1,0.25,0,0,1,0
1.9495,89.0000,13.0000,97.0000,255.0000,5.5732,0.6343,0.1623,0.1241,0.6107,0.0000,1.0000,0.0000,0.0684,0.9634,0,0,1,0.25,0,0,1,0
1.9710,91.0000,13.0000,97.0000,255.0000,5.4428,0.6429,0.1608,0.1233,0.6235,0.0000,1.0000,0.0000,0.0353,0.9658,0,0,1,0.25,0,0,1,0
1.9906,93.0000,13.0000,97.0000,255.0000,5.3187,0.6510,0.1593,0.1226,0.6344,0.0000,1.0000,0.0000,0.0339,0.9695,0,0,1,0.25,0,0,1,0
2.0073,95.0000,13.0000,97.0000,255.0000,5.2200,0.6575,0.1576,0.1225,0.6436,0.0000,1.0000,0.0000,0.0337,0.9702,0,0,1,0.25,0,0,1,0
2.0239,97.0000,13.0000,96.0000,255.0000,5.1249,0.6638,0.1567,0.1227,0.6516,0.0000,1.0000,0.0000,0.0359,0.9719,0,0,1,0.25,0,0,1,0
2.0411,99.0000,13.0000,96.0000,255.0000,5.0236,0.6704,0.1557,0.1237,0.6590,0.0000,1.0000,0.0000,0.0350,0.9724,0,0,1,0.25,0,0,1,0
2.0613,101.0000,13.0000,96.0000,255.0000,4.9441,0.6756,0.1550,0.1246,0.6656,0.0000,1.0000,0.0000,0.0327,0.9732,0,0,1,0.25,0,0,1,0
2.1547,112.0000,13.0000,96.0000,255.0000,4.5699,0.7002,0.1528,0.1256,0.6794,0.0000,1.0000,1.0000,0.1072,0.9732,0,0,1,0.25,0,0,1,0
2.1736,114.0000,13.0000,96.0000,nan,4.5255,0.7031,0.1529,0.1264,nan,0.0000,0.0000,1.0000,0.0277,0.9719,0,0,1,0.25,0,0,1,1
2.1940,116.0000,13.0000,96.0000,nan,4.5058,0.7044,0.1532,0.1258,nan,0.0000,0.0000,1.0000,0.0261,0.9714,0,0,1,0.25,0,0,1,1
2.2108,118.0000,13.0000,96.0000,nan,4.4906,0.7054,0.1533,0.1256,nan,0.0000,0.0000,1.0000,0.0254,0.9722,0,0,1,0.25,0,0,1,1
2.2303,120.0000,13.0000,95.0000,nan,4.4924,0.7053,0.1532,0.1260,nan,0.0000,0.0000,1.0000,0.0280,0.9748,0,0,1,0.25,0,0,1,1
2.2472,122.0000,13.0000,95.0000,nan,4.4899,0.7054,0.1533,0.1255,nan,0.0000,0.0000,1.0000,0.0263,0.9762,0,0,1,0.25,0,0,1,1
2.2644,124.0000,13.0000,95.0000,nan,4.4752,0.7064,0.1534,0.1252,nan,0.0000,0.0000,1.0000,0.0265,0.9753,0,0,1,0.25,0,0,1,1
2.2836,127.0000,13.0000,95.0000,nan,4.4762,0.7063,0.1544,0.1248,nan,0.0000,0.0000,1.0000,0.0442,0.9773,0,0,1,0.25,0,0,1,1
2.3030,129.0000,13.0000,95.0000,nan,4.5005,0.7047,0.1551,0.1244,nan,0.0000,0.0000,1.0000,0.0290,0.9820,0,0,1,0.25,0,0,1,0
2.3236,131.0000,13.0000,95.0000,nan,4.5171,0.7036,0.1556,0.1244,nan,0.0000,0.0000,1.0000,0.0256,0.9849,0,0,1,0.25,0,0,1,0
2.3440,133.0000,13.0000,95.0000,nan,4.5802,0.6995,0.1565,0.1237,nan,0.0000,0.0000,1.0000,0.0291,0.9928,0,0,1,0.25,0,0,1,0
2.3606,nan,nan,nan,nan,42.0608,0.0000,0.3059,0.2747,nan,1.0000,0.0000,0.0000,1.1608,1.6538,0,0,1,0.25,0,0,1,0
2.3839,nan,nan,nan,nan,42.4765,0.0000,0.3058,0.2740,nan,1.0000,0.0000,0.0000,0.0375,1.6507,0,0,1,0.25,0,0,1,0
2.4038,nan,nan,nan,nan,42.4916,0.0000,0.3058,0.2739,nan,1.0000,0.0000,0.0000,0.0152,1.6508,0,0,1,0.25,0,0,1,0
2.4234,nan,nan,nan,nan,42.5120,0.0000,0.3058,0.2738,nan,1.0000,0.0000,0.0000,0.0160,1.6508,0,0,1,0.25,0,0,1,0
2.4403,nan,nan,nan,nan,42.5107,0.0000,0.3058,0.2736,nan,1.0000,0.0000,0.0000,0.0168,1.6514,0,0,1,0.25,0,0,1,0
2.4611,nan,nan,nan,nan,42.5324,0.0000,0.3059,0.2731,nan,1.0000,0.0000,0.0000,0.0178,1.6513,0,0,1,0.25,0,0,1,0
2.4836,nan,nan,nan,nan,42.6197,0.0000,0.3057,0.2723,nan,1.0000,0.0000,0.0000,0.0361,1.6516,0,0,1,0.25,0,0,1,0
2.5023,nan,nan,nan,nan,42.6408,0.0000,0.3056,0.2714,nan,1.0000,0.0000,0.0000,0.0185,1.6518,0,0,1,0.25,0,0,1,0
2.5195,nan,nan,nan,nan,42.6727,0.0000,0.3056,0.2709,nan,1.0000,0.0000,0.0000,0.0195,1.6523,0,0,1,0.25,0,0,1,0
2.5397,nan,nan,nan,nan,42.6972,0.0000,0.3055,0.2703,nan,1.0000,0.0000,0.0000,0.0207,1.6518,0,0,1,0.25,0,0,1,0
2.5574,nan,nan,nan,nan,42.7222,0.0000,0.3054,0.2698,nan,1.0000,0.0000,0.0000,0.0210,1.6516,0,0,1,0.25,0,0,1,0
2.5778,nan,nan,nan,nan,42.7384,0.0000,0.3052,0.2693,nan,1.0000,0.0000,0.0000,0.0217,1.6512,0,0,1,0.25,0,0,1,0
2.6700,nan,nan,nan,nan,43.0702,0.0000,0.3038,0.2668,nan,1.0000,0.0000,0.0000,0.1303,1.6421,0,0,1,0.25,0,0,1,0
2.6904,nan,nan,nan,nan,43.1100,0.0000,0.3035,0.2666,nan,1.0000,0.0000,0.0000,0.0256,1.6397,0,0,1,0.25,0,0,1,0
2.7108,nan,nan,nan,nan,43.1477,0.0000,0.3033,0.2667,nan,1.0000,0.0000,0.0000,0.0275,1.6378,0,0,1,0.25,0,0,1,0
2.7280,nan,nan,nan,nan,43.1517,0.0000,0.3030,0.2670,nan,1.0000,0.0000,0.0000,0.0258,1.6355,0,0,1,0.25,0,0,1,0
2.7509,nan,nan,nan,nan,43.1152,0.0000,0.3025,0.2677,nan,1.0000,0.0000,0.0000,0.0499,1.6323,0,0,1,0.25,0,0,1,0
2.7707,nan,nan,nan,nan,43.0523,0.0000,0.3022,0.2683,nan,1.0000,0.0000,0.0000,0.0270,1.6313,0,0,1,0.25,0,0,1,0
2.7932,nan,nan,nan,nan,42.9615,0.0000,0.3020,0.2693,nan,1.0000,0.0000,0.0000,0.0267,1.6310,0,0,1,0.25,0,0,1,0
2.8108,nan,nan,nan,nan,42.7826,0.0000,0.3017,0.2702,nan,1.0000,0.0000,0.0000,0.0260,1.6314,0,0,1,0.25,0,0,1,0
2.8280,nan,nan,nan,nan,42.6194,0.0000,0.3013,0.2711,nan,1.0000,0.0000,0.0000,0.0289,1.6308,0,0,1,0.25,0,0,1,0
2.8515,nan,nan,nan,nan,42.1809,0.0000,0.3008,0.2730,nan,1.0000,0.0000,0.0000,0.0535,1.6300,0,0,1,0.25,0,0,1,0
2.8702,nan,nan,nan,nan,41.9036,0.0000,0.3005,0.2740,nan,1.0000,0.0000,0.0000,0.0296,1.6291,0,0,1,0.25,0,0,1,0
2.8902,nan,nan,nan,nan,41.6007,0.0000,0.3001,0.2749,nan,1.0000,0.0000,0.0000,0.0301,1.6283,0,0,1,0.25,0,0,1,0
2.9115,nan,nan,nan,nan,41.2763,0.0000,0.2997,0.2758,nan,1.0000,0.0000,0.0000,0.0307,1.6279,0,0,1,0.25,0,0,1,0
2.9350,nan,nan,nan,nan,40.6855,0.0000,0.2990,0.2786,nan,1.0000,0.0000,0.0000,0.0640,1.6252,0,0,1,0.25,0,0,1,0
2.9520,nan,nan,nan,nan,40.4606,0.0000,0.2990,0.2807,nan,1.0000,0.0000,0.0000,0.0316,1.6234,0,0,1,0.25,0,0,1,0
2.9704,nan,nan,nan,nan,40.2240,0.0000,0.2990,0.2825,nan,1.0000,0.0000,0.0000,0.0317,1.6214,0,0,1,0.25,0,0,1,0
2.9902,nan,nan,nan,nan,40.0388,0.0000,0.2993,0.2845,nan,1.0000,0.0000,0.0000,0.0326,1.6192,0,0,1,0.25,0,0,1,0
3.0116,nan,nan,nan,nan,39.8040,0.0000,0.2995,0.2862,nan,1.0000,0.0000,0.0000,0.0329,1.6172,0,0,1,0.25,0,0,1,0
3.0332,nan,nan,nan,nan,39.1902,0.0000,0.2992,0.2890,nan,1.0000,0.0000,0.0000,0.0603,1.6161,0,0,1,0.25,0,0,1,0
3.0540,nan,nan,nan,nan,38.8041,0.0000,0.2987,0.2900,nan,1.0000,0.0000,0.0000,0.0296,1.6166,0,0,1,0.25,0,0,1,0
3.0756,nan,nan,nan,nan,38.2675,0.0000,0.2978,0.2907,nan,1.0000,0.0000,0.0000,0.0340,1.6194,0,0,1,0.25,0,0,1,0
3.0949,nan,nan,nan,nan,37.6888,0.0000,0.2971,0.2910,nan,1.0000,0.0000,0.0000,0.0314,1.6223,0,0,1,0.25,0,0,1,0
3.1866,nan,nan,nan,nan,34.1431,0.0000,0.2955,0.2950,nan,1.0000,0.0000,0.0000,0.1587,1.6371,0,0,1,0.25,0,0,1,0
3.2064,nan,nan,nan,nan,33.4148,0.0000,0.2951,0.2952,nan,1.0000,0.0000,0.0000,0.0311,1.6410,0,0,1,0.25,0,0,1,0
3.2235,nan,nan,nan,nan,32.5851,0.0000,0.2946,0.2952,nan,1.0000,0.0000,0.0000,0.0340,1.6474,0,0,1,0.25,0,0,1,0
3.2469,nan,nan,nan,nan,31.8785,0.0000,0.2942,0.2952,nan,1.0000,0.0000,0.0000,0.0319,1.6523,0,0,1,0.25,0,0,1,0
3.2674,nan,nan,nan,nan,30.2089,0.0000,0.2934,0.2949,nan,1.0000,0.0000,0.0000,0.0730,1.6655,0,0,1,0.25,0,0,1,0
3.2873,nan,nan,nan,nan,29.3231,0.0000,0.2929,0.2946,nan,1.0000,0.0000,0.0000,0.0426,1.6723,0,0,1,0.25,0,0,1,0
3.3073,nan,nan,nan,nan,28.4197,0.0000,0.2923,0.2942,nan,1.0000,0.0000,0.0000,0.0440,1.6791,0,0,1,0.25,0,0,1,0
3.3269,nan,nan,nan,nan,27.4501,0.0000,0.2920,0.2940,nan,1.0000,0.0000,0.0000,0.0483,1.6861,0,0,1,0.25,0,0,1,0
3.3437,nan,nan,nan,nan,26.5569,0.0000,0.2916,0.2940,nan,1.0000,0.0000,0.0000,0.0469,1.6906,0,0,1,0.25,0,0,1,0
3.3607,nan,nan,nan,nan,25.6516,0.0000,0.2912,0.2942,nan,1.0000,0.0000,0.0000,0.0491,1.6950,0,0,1,0.25,0,0,1,0
3.3834,nan,nan,nan,nan,23.8899,0.0000,0.2901,0.2943,nan,1.0000,0.0000,0.0000,0.1000,1.7006,0,0,1,0.25,0,0,1,1
3.4023,nan,nan,nan,nan,22.9802,0.0000,0.2895,0.2943,nan,1.0000,0.0000,0.0000,0.0536,1.7031,0,0,1,0.25,0,0,1,1
3.4204,nan,nan,nan,nan,22.1298,0.0000,0.2887,0.2939,nan,1.0000,0.0000,0.0000,0.0531,1.7057,0,0,1,0.25,0,0,1,1
3.4392,nan,nan,nan,nan,21.2698,0.0000,0.2878,0.2933,nan,1.0000,0.0000,0.0000,0.0533,1.7088,0,0,1,0.25,0,0,1,1
3.4583,nan,nan,nan,nan,20.4831,0.0000,0.2868,0.2921,nan,1.0000,0.0000,0.0000,0.0527,1.7106,0,0,1,0.25,0,0,1,1
3.4767,nan,nan,nan,nan,19.7059,0.0000,0.2855,0.2899,nan,1.0000,0.0000,0.0000,0.0562,1.7117,0,0,1,0.25,0,0,1,1
3.4937,nan,nan,nan,nan,18.9790,0.0000,0.2841,0.2868,nan,1.0000,0.0000,0.0000,0.0544,1.7128,0,0,1,0.25,0,0,1,1
3.5094,nan,nan,nan,nan,18.2027,0.0000,0.2828,0.2845,nan,1.0000,0.0000,0.0000,0.0585,1.7142,0,0,1,0.25,0,0,1,0
3.5276,nan,nan,nan,nan,17.4297,0.0000,0.2814,0.2823,nan,1.0000,0.0000,0.0000,0.0614,1.7162,0,0,1,0.25,0,0,1,0
3.5440,nan,nan,nan,nan,16.6593,0.0000,0.2799,0.2807,nan,1.0000,0.0000,0.0000,0.0622,1.7161,0,0,1,0.25,0,0,1,0
3.5664,nan,nan,nan,nan,16.1278,0.0000,0.2350,0.2782,nan,2.0000,0.0000,0.0000,1.6083,1.5762,0,0,1,0.25,0,0,1,0
3.5856,nan,nan,nan,nan,16.1278,0.0000,0.2350,0.2782,nan,2.0000,0.0000,0.0000,0.0000,1.5762,0,0,1,0.25,0,0,1,0
3.6057,nan,nan,nan,nan,16.3997,0.0000,0.2397,0.2798,nan,2.0000,0.0000,0.0000,0.0915,1.5484,0,0,1,0.25,0,0,1,0
3.6949,nan,nan,nan,nan,15.9328,0.0000,0.2556,0.2881,nan,2.0000,0.0000,0.0000,0.3451,1.5430,0,0,1,0.25,0,0,1,0
3.7158,nan,nan,nan,nan,16.0633,0.0000,0.2579,0.2896,nan,2.0000,0.0000,0.0000,0.0704,1.5428,0,0,1,0.25,0,0,1,0
3.7371,nan,nan,nan,nan,15.8306,0.0000,0.2625,0.2922,nan,2.0000,0.0000,0.0000,0.1250,1.5396,0,0,1,0.25,0,0,1,0
3.7591,nan,nan,nan,nan,15.7312,0.0000,0.2641,0.2932,nan,2.0000,0.0000,0.0000,0.0654,1.5379,0,0,1,0.25,0,0,1,0
3.7778,nan,nan,nan,nan,15.6547,0.0000,0.2659,0.2944,nan,2.0000,0.0000,0.0000,0.0635,1.5360,0,0,1,0.25,0,0,1,0
3.7999,nan,nan,nan,nan,15.5595,0.0000,0.2674,0.2952,nan,2.0000,0.0000,0.0000,0.0623,1.5335,0,0,1,0.25,0,0,1,0
3.8214,nan,nan,nan,nan,15.4689,0.0000,0.2710,0.2978,nan,2.0000,0.0000,0.0000,0.1159,1.5301,0,0,1,0.25,0,0,1,0
3.8421,nan,nan,nan,nan,15.2670,0.0000,0.2724,0.2987,nan,2.0000,0.0000,0.0000,0.0649,1.5275,0,0,1,0.25,0,0,1,0
3.8615,nan,nan,nan,nan,15.3239,0.0000,0.2749,0.3005,nan,2.0000,0.0000,0.0000,0.0613,1.5266,0,0,1,0.25,0,0,1,0
3.8832,nan,nan,nan,nan,15.2032,0.0025,0.2762,0.3011,nan,2.0000,0.0000,0.0000,0.0647,1.5245,0,0,1,0.25,0,0,1,0
3.9042,nan,nan,nan,nan,14.9073,0.0220,0.2797,0.3035,nan,2.0000,0.0000,0.0000,0.1205,1.5196,0,0,1,0.25,0,0,1,0
3.9255,nan,nan,nan,nan,14.9989,0.0159,0.2817,0.3046,nan,2.0000,0.0000,0.0000,0.0614,1.5172,0,0,1,0.25,0,0,1,0
3.9441,nan,nan,nan,nan,14.9378,0.0200,0.2835,0.3058,nan,2.0000,0.0000,0.0000,0.0623,1.5150,0,0,1,0.25,0,0,1,0
3.9608,nan,nan,nan,nan,14.9188,0.0212,0.2855,0.3073,nan,2.0000,0.0000,0.0000,0.0600,1.5129,0,0,1,0.25,0,0,1,0
3.9778,nan,nan,nan,nan,14.7921,0.0295,0.2869,0.3079,nan,2.0000,0.0000,0.0000,0.0618,1.5106,0,0,1,0.25,0,0,1,0
3.9945,nan,nan,nan,nan,14.8268,0.0272,0.2885,0.3090,nan,2.0000,0.0000,0.0000,0.0581,1.5085,0,0,1,0.25,0,0,1,0
4.0171,nan,nan,nan,nan,14.6949,0.0359,0.2897,0.3097,nan,2.0000,0.0000,0.0000,0.0623,1.5037,0,0,1,0.25,0,0,1,0
4.0363,nan,nan,nan,nan,14.2138,0.0675,0.2918,0.3108,nan,2.0000,0.0000,0.0000,0.1158,1.4929,0,0,1,0.25,0,0,1,0
4.0589,nan,nan,nan,nan,14.0182,0.0803,0.2928,0.3114,nan,2.0000,0.0000,0.0000,0.0626,1.4854,0,0,1,0.25,0,0,1,0
4.0771,nan,nan,nan,nan,13.7058,0.1008,0.2938,0.3117,nan,2.0000,0.0000,0.0000,0.0659,1.4782,0,0,1,0.25,0,0,1,0
4.0939,nan,nan,nan,nan,13.3048,0.1271,0.2942,0.3119,nan,2.0000,0.0000,0.0000,0.0651,1.4720,0,0,1,0.25,0,0,1,0
4.1103,nan,nan,nan,nan,12.3064,0.1926,0.2935,0.3108,nan,2.0000,0.0000,0.0000,0.0795,1.4710,0,0,1,0.25,0,0,1,0
4.1990,246.0000,12.9000,86.0000,nan,6.0377,0.6039,0.2756,0.2822,nan,0.0000,0.0000,0.0000,0.5616,1.3041,0,0,1,0.25,0,0,1,0
4.2195,246.0000,12.9000,86.0000,nan,5.1356,0.6631,0.2702,0.2564,nan,0.0000,0.0000,0.0000,0.1351,1.2021,0,0,1,0.25,0,0,1,0
4.2413,246.0000,12.9000,85.0000,nan,4.6329,0.6960,0.2699,nan,nan,0.0000,0.0000,0.0000,0.0973,1.1433,0,0,1,0.25,0,0,1,0
4.2606,246.0000,13.0000,85.0000,nan,4.6220,0.6968,0.2715,nan,nan,0.0000,0.0000,0.0000,0.0277,1.1363,0,0,1,0.25,0,0,1,0
4.2771,246.0000,13.0000,85.0000,nan,4.5945,0.6986,0.2731,nan,nan,0.0000,0.0000,0.0000,0.0279,1.1279,0,0,1,0.25,0,0,1,0
4.2986,246.0000,13.0000,85.0000,nan,4.5853,0.6992,0.2750,nan,nan,0.0000,0.0000,0.0000,0.0300,1.1202,0,0,1,0.25,0,0,1,0
4.3197,246.0000,13.0000,85.0000,nan,4.5322,0.7026,0.2778,nan,nan,0.0000,0.0000,0.0000,0.0495,1.1023,0,0,1,0.25,0,0,1,0
4.3401,246.0000,13.0000,85.0000,nan,4.4652,0.7070,0.2789,nan,nan,0.0000,0.0000,0.0000,0.0314,1.0905,0,0,1,0.25,0,0,1,0
4.3607,246.0000,13.0000,85.0000,nan,4.4406,0.7087,0.2802,nan,nan,0.0000,0.0000,0.0000,0.0280,1.0826,0,0,1,0.25,0,0,1,0
4.3774,246.0000,13.0000,85.0000,nan,4.3779,0.7128,0.2817,nan,nan,0.0000,0.0000,0.0000,0.0289,1.0733,0,0,1,0.25,0,0,1,0
4.3943,246.0000,13.0000,85.0000,nan,4.2913,0.7185,0.2820,nan,nan,0.0000,0.0000,0.0000,0.0274,1.0613,0,0,1,0.25,0,0,1,0
4.4147,246.0000,13.0000,85.0000,nan,4.1428,0.7282,0.2819,nan,nan,0.0000,0.0000,0.0000,0.0356,1.0428,0,0,1,0.25,0,0,1,0
4.4318,245.0000,13.0000,84.0000,nan,4.0085,0.7370,0.2817,nan,nan,0.0000,0.0000,0.0000,0.0317,1.0264,0,0,1,0.25,0,0,1,0
4.4536,245.0000,13.0000,84.0000,nan,3.6874,0.7581,0.2810,nan,nan,0.0000,0.0000,0.0000,0.0567,0.9897,0,0,1,0.25,0,0,1,0
4.4766,245.0000,13.0000,84.0000,nan,3.5175,0.7692,0.2798,nan,nan,0.0000,0.0000,0.0000,0.0325,0.9694,0,0,1,0.25,0,0,1,0
4.4935,245.0000,13.0000,84.0000,nan,3.3250,0.7819,0.2777,nan,nan,0.0000,0.0000,0.0000,0.0345,0.9466,0,0,1,0.25,0,0,1,0
4.5107,244.0000,13.0000,84.0000,nan,3.1201,0.7953,0.2762,nan,nan,0.0000,0.0000,0.0000,0.0367,0.9238,0,0,1,0.25,0,0,1,0
4.5277,244.0000,13.0000,84.0000,nan,2.9753,0.8048,0.2750,nan,nan,0.0000,0.0000,0.0000,0.0290,0.9072,0,0,1,0.25,0,0,1,0
4.5478,244.0000,13.0000,84.0000,nan,2.8683,0.8118,0.2750,nan,nan,0.0000,0.0000,0.0000,0.0226,0.8966,0,0,1,0.25,0,0,1,0
4.5651,243.0000,13.0000,84.0000,nan,2.7996,0.8163,0.2752,nan,nan,0.0000,0.0000,0.0000,0.0193,0.8908,0,0,1,0.25,0,0,1,0
4.5870,243.0000,13.0000,84.0000,nan,2.6980,0.8230,0.2762,nan,nan,0.0000,0.0000,0.0000,0.0282,0.8816,0,0,1,0.25,0,0,1,0
4.6074,242.0000,13.0000,84.0000,nan,2.6329,0.8273,0.2767,nan,nan,0.0000,0.0000,0.0000,0.0168,0.8774,0,0,1,0.25,0,0,1,1
4.6273,242.0000,13.0000,83.0000,nan,2.5799,0.8307,0.2773,nan,nan,0.0000,0.0000,0.0000,0.0155,0.8738,0,0,1,0.25,0,0,1,1
4.7202,239.0000,13.0000,83.0000,nan,2.2188,0.8544,0.2798,nan,nan,0.0000,0.0000,1.0000,0.0596,0.8560,0,0,1,0.25,0,0,1,1
4.7407,239.0000,13.0000,83.0000,nan,2.1514,0.8588,0.2804,nan,nan,0.0000,0.0000,1.0000,0.0132,0.8539,0,0,1,0.25,0,0,1,0
4.7604,238.0000,13.0000,83.0000,nan,2.0788,0.8636,0.2807,nan,nan,0.0000,0.0000,1.0000,0.0133,0.8526,0,0,1,0.25,0,0,1,0
4.7783,238.0000,13.0000,83.0000,nan,2.0017,0.8687,0.2815,nan,nan,0.0000,0.0000,1.0000,0.0129,0.8516,0,0,1,0.25,0,0,1,0
4.7984,nan,nan,nan,nan,2.9953,0.8035,0.2986,nan,nan,0.0000,0.0000,1.0000,0.4499,1.1589,0,0,1,0.25,0,0,1,0
4.8210,nan,nan,nan,nan,4.4048,0.7110,0.2906,nan,nan,0.0000,0.0000,1.0000,0.1898,1.2952,0,0,1,0.25,0,0,1,0
4.8408,nan,nan,nan,nan,4.3911,0.7119,0.2796,nan,nan,0.0000,0.0000,1.0000,0.0425,1.3021,0,0,1,0.25,0,0,1,0
4.8606,nan,nan,nan,nan,4.6543,0.6946,0.2701,0.2445,nan,0.0000,0.0000,1.0000,0.0559,1.3191,0,0,1,0.25,0,0,1,0
4.8772,nan,nan,nan,nan,6.0499,0.6031,0.2689,0.2513,nan,0.0000,0.0000,1.0000,0.1931,1.4139,0,0,1,0.25,0,0,1,0
4.8979,nan,nan,nan,nan,7.0405,0.5381,0.2674,0.2580,nan,0.0000,0.0000,1.0000,0.1483,1.4973,0,0,1,0.25,0,0,1,0
4.9139,nan,nan,nan,nan,7.5998,0.5014,0.2632,0.2562,nan,0.0000,0.0000,1.0000,0.1004,1.5476,0,0,1,0.25,0,0,1,0
4.9356,nan,nan,nan,nan,8.7087,0.4286,0.2570,0.2524,nan,0.0000,0.0000,0.0000,0.1354,1.5765,0,0,1,0.25,0,0,1,0
4.9576,nan,nan,nan,nan,8.9920,0.4100,0.2530,0.2494,nan,0.0000,0.0000,0.0000,0.0725,1.5773,0,0,1,0.25,0,0,1,0
4.9770,nan,nan,nan,nan,9.1490,0.3997,0.2485,0.2461,nan,0.0000,0.0000,0.0000,0.0736,1.5805,0,0,1,0.25,0,0,1,0
4.9939,nan,nan,nan,nan,9.0125,0.4087,0.2432,0.2434,nan,0.0000,0.0000,0.0000,0.0935,1.5927,0,0,1,0.25,0,0,1,0
5.0107,nan,nan,nan,nan,9.5950,0.3705,0.2423,0.2446,nan,0.0000,0.0000,0.0000,0.0873,1.5883,0,0,1,0.25,0,0,1,0
5.0316,nan,nan,nan,nan,10.4287,0.3158,0.2425,0.2451,nan,0.0000,0.0000,0.0000,0.0816,1.5753,0,0,1,0.25,0,0,1,0
5.0491,nan,nan,nan,nan,11.5494,0.2423,0.2449,0.2475,nan,0.0000,0.0000,0.0000,0.0833,1.5596,0,0,1,0.25,0,0,1,0
5.0709,nan,nan,nan,nan,13.5345,0.1120,0.2490,0.2501,nan,0.0000,0.0000,0.0000,0.1227,1.5474,0,0,1,0.25,0,0,1,0
5.0909,nan,nan,nan,nan,14.2729,0.0636,0.2507,0.2513,nan,0.0000,0.0000,0.0000,0.0588,1.5455,0,0,1,0.25,0,0,1,0
5.1102,nan,nan,nan,nan,14.4090,0.0546,0.2492,0.2514,nan,0.0000,0.0000,0.0000,0.0502,1.5484,0,0,1,0.25,0,0,1,0
5.1267,nan,nan,nan,nan,14.5282,0.0468,0.2492,0.2510,nan,0.0000,0.0000,0.0000,0.0509,1.5487,0,0,1,0.25,0,0,1,0
5.1439,nan,nan,nan,nan,14.2898,0.0625,0.2465,0.2505,nan,0.0000,0.0000,0.0000,0.0562,1.5555,0,0,1,0.25,0,0,1,0
5.2329,nan,nan,nan,nan,12.8136,0.1593,0.2415,0.2496,nan,0.0000,0.0000,0.0000,0.2002,1.5749,0,0,1,0.25,0,0,1,0
5.2538,nan,nan,nan,nan,12.0581,0.2089,0.2416,0.2505,nan,0.0000,0.0000,0.0000,0.0815,1.5818,0,0,1,0.25,0,0,1,0
5.2737,nan,nan,nan,nan,11.2431,0.2624,0.2401,0.2499,nan,0.0000,0.0000,0.0000,0.0579,1.5854,0,0,1,0.25,0,0,1,0
5.2897,nan,nan,nan,nan,10.3392,0.3217,0.2377,0.2485,nan,0.0000,0.0000,0.0000,0.0623,1.5903,0,0,1,0.25,0,0,1,0
5.3066,nan,nan,nan,nan,9.4601,0.3793,0.2353,0.2470,nan,0.0000,0.0000,0.0000,0.0684,1.5948,0,0,1,0.25,0,0,1,0
5.3268,nan,nan,nan,nan,8.4411,0.4462,0.2317,0.2463,nan,0.0000,0.0000,0.0000,0.0863,1.6025,0,0,1,0.25,0,0,1,0
5.3442,nan,nan,nan,nan,7.6048,0.5011,0.2281,0.2437,nan,0.0000,0.0000,0.0000,0.0857,1.5673,0,0,1,0.25,0,0,1,0
5.3653,nan,nan,nan,nan,6.9482,0.5441,0.2351,0.2532,nan,0.0000,0.0000,0.0000,0.1213,1.5034,0,0,1,0.25,0,0,1,0
5.3871,nan,nan,nan,nan,6.4454,0.5771,0.2708,0.2923,nan,0.0000,0.0000,0.0000,0.1516,1.4644,0,0,1,0.25,0,0,1,0
5.4077,nan,nan,nan,100.9400,6.4214,0.5787,0.2863,0.3095,0.5378,0.0000,1.0000,0.0000,0.0766,1.4624,0,0,1,0.25,0,0,1,0
5.4296,nan,nan,nan,104.0000,6.0590,0.6025,0.2884,0.3128,0.5636,0.0000,1.0000,0.0000,0.0800,1.4291,0,0,1,0.25,0,0,1,0
5.4486,nan,nan,nan,111.0000,5.5116,0.6384,0.2782,0.3030,0.5934,0.0000,1.0000,0.0000,0.1030,1.3790,0,0,1,0.25,0,0,1,0
5.4696,nan,nan,nan,107.0000,4.2447,0.7215,0.2228,0.2436,0.6446,0.0000,1.0000,0.0000,0.2091,1.2642,0,0,1,0.25,0,0,1,0
5.4894,nan,nan,nan,108.7600,3.7737,0.7524,0.1968,0.2129,0.6877,0.0000,1.0000,0.0000,0.1014,1.2261,0,0,1,0.25,0,0,1,0
5.5072,nan,nan,nan,103.0000,3.2452,0.7871,0.1903,0.2095,0.7274,0.0000,1.0000,0.0000,0.1049,1.1913,0,0,1,0.25,0,0,1,0
5.5263,nan,nan,nan,103.0000,2.9784,0.8046,0.1888,0.2033,0.7582,0.0000,1.0000,0.0000,0.0770,1.1791,0,0,1,0.25,0,0,1,0
5.5425,nan,nan,nan,95.8800,2.9643,0.8055,0.1877,0.1984,0.7771,0.0000,1.0000,0.0000,0.0576,1.1786,0,0,1,0.25,0,0,1,0
5.5596,nan,nan,nan,90.0000,2.9450,0.8068,0.1852,0.1918,0.7889,0.0000,1.0000,0.0000,0.0600,1.1757,0,0,1,0.25,0,0,1,0
5.5790,nan,nan,nan,88.9400,2.9481,0.8066,0.1832,0.1857,0.7959,0.0000,1.0000,0.0000,0.0632,1.1754,0,0,1,0.25,0,0,1,0
5.5989,nan,nan,nan,89.9400,2.9702,0.8051,0.1819,0.1811,0.7996,0.0000,1.0000,0.0000,0.0641,1.1768,0,0,1,0.25,0,0,1,0
5.6214,nan,nan,nan,92.0000,3.2644,0.7858,0.1806,0.1711,0.7940,0.0000,1.0000,0.0000,0.1315,1.1900,0,0,1,0.25,0,0,1,0
5.6402,nan,nan,nan,93.0000,4.2352,0.7221,0.1876,0.1631,0.7652,0.0000,1.0000,0.0000,0.1821,1.2545,0,0,1,0.25,0,0,1,0
5.6601,nan,nan,nan,96.0000,5.7425,0.6232,0.2046,0.1654,0.7083,0.0000,1.0000,0.0000,0.2490,1.3787,0,0,1,0.25,0,0,1,0
5.7498,nan,nan,nan,nan,12.7363,0.1644,0.2546,0.2305,nan,1.0000,0.0000,0.0000,0.5230,1.6223,0,0,1,0.25,0,0,1,1
5.7715,nan,nan,nan,nan,14.3859,0.0562,0.2614,0.2468,nan,1.0000,0.0000,0.0000,0.1567,1.6288,0,0,1,0.25,0,0,1,1
5.7902,nan,nan,nan,nan,14.9721,0.0177,0.2635,0.2541,nan,1.0000,0.0000,0.0000,0.0826,1.6299,0,0,1,0.25,0,0,1,1
5.8109,nan,nan,nan,nan,15.7436,0.0000,0.2653,0.2600,nan,1.0000,0.0000,0.0000,0.0849,1.6314,0,0,1,0.25,0,0,1,1
5.8329,nan,nan,nan,nan,15.4205,0.0000,0.2645,0.2612,nan,1.0000,0.0000,0.0000,0.0708,1.6333,0,0,1,0.25,0,0,1,1
5.8528,nan,nan,nan,nan,15.6756,0.0000,0.2651,0.2696,nan,1.0000,0.0000,0.0000,0.1424,1.6401,0,0,1,0.25,0,0,1,1
5.8737,nan,nan,nan,nan,16.1433,0.0000,0.2664,0.2755,nan,1.0000,0.0000,0.0000,0.0867,1.6414,0,0,1,0.25,0,0,1,0
5.8945,nan,nan,nan,nan,16.5529,0.0000,0.2672,0.2801,nan,1.0000,0.0000,0.0000,0.0893,1.6425,0,0,1,0.25,0,0,1,0
5.9110,nan,nan,nan,nan,4.6308,0.6962,0.1154,0.0878,nan,2.0000,0.0000,0.0000,1.0381,1.1323,0,0,1,0.25,0,0,1,0
5.9287,nan,nan,nan,nan,4.3181,0.7167,0.1511,0.1188,nan,2.0000,0.0000,0.0000,0.1968,1.1116,0,0,1,0.25,0,0,1,0
5.9499,nan,nan,nan,nan,4.2499,0.7212,0.1927,0.1595,nan,2.0000,0.0000,0.0000,0.0721,1.0969,0,0,1,0.25,0,0,1,0
5.9705,nan,nan,nan,nan,4.2696,0.7199,0.2441,0.2168,nan,2.0000,0.0000,0.0000,0.0710,1.0895,0,0,1,0.25,0,0,1,0
5.9902,nan,nan,nan,nan,2.1087,0.8617,0.2911,nan,nan,2.0000,0.0000,0.0000,0.2794,0.9121,0,0,1,0.25,0,0,1,0
6.0105,nan,nan,nan,nan,1.0906,0.9285,nan,nan,nan,2.0000,0.0000,0.0000,0.1275,0.8980,0,0,1,0.25,0,0,1,0
6.0285,nan,nan,nan,nan,0.0716,0.9953,nan,nan,nan,2.0000,0.0000,0.0000,0.1274,0.9912,0,0,1,0.25,0,0,1,0
6.0477,nan,nan,nan,nan,0.0000,1.0000,nan,nan,nan,2.0000,0.0000,0.0000,0.0089,1.0000,0,0,1,0.25,0,0,1,0
6.0652,nan,nan,nan,nan,0.0000,1.0000,nan,nan,nan,2.0000,0.0000,0.0000,0.0000,1.0000,0,0,1,0.25,0,0,1,0
6.0845,nan,nan,nan,nan,0.0000,1.0000,nan,nan,nan,2.0000,0.0000,0.0000,0.0000,1.0000,0,0,1,0.25,0,0,1,0
6.1011,nan,nan,nan,nan,0.0000,1.0000,nan,nan,nan,2.0000,0.0000,0.0000,0.0000,1.0000,0,0,1,0.25,0,0,1,0
6.1177,nan,nan,nan,nan,0.0000,1.0000,nan,nan,nan,2.0000,0.0000,0.0000,0.0000,1.0000,0,0,1,0.25,0,0,1,0
6.1343,nan,nan,nan,nan,0.0000,1.0000,nan,nan,nan,2.0000,0.0000,0.0000,0.0000,1.0000,0,0,1,0.25,0,0,1,0
6.1507,nan,nan,nan,nan,0.0000,1.0000,nan,nan,nan,2.0000,0.0000,0.0000,0.0000,1.0000,0,0,1,0.25,0,0,1,0
6.1685,nan,nan,nan,nan,0.0000,1.0000,nan,nan,nan,2.0000,0.0000,0.0000,0.0000,1.0000,0,0,1,0.25,0,0,1,0
6.2581,nan,nan,nan,nan,0.0000,1.0000,nan,nan,nan,2.0000,0.0000,0.0000,0.0000,1.0000,0,0,1,0.25,0,0,1,0
6.2770,nan,nan,nan,nan,0.0000,1.0000,nan,nan,nan,2.0000,0.0000,0.0000,0.0000,1.0000,0,0,1,0.25,0,0,1,0
6.2939,nan,nan,nan,nan,0.0000,1.0000,nan,nan,nan,2.0000,0.0000,0.0000,0.0000,1.0000,0,0,1,0.25,0,0,1,0
6.3106,nan,nan,nan,nan,0.0000,1.0000,nan,nan,nan,2.0000,0.0000,0.0000,0.0000,1.0000,0,0,1,0.25,0,0,1,0
6.3275,nan,nan,nan,nan,0.0000,1.0000,nan,nan,nan,2.0000,0.0000,0.0000,0.0000,1.0000,0,0,1,0.25,0,0,1,0
6.3446,nan,nan,nan,nan,0.0000,1.0000,nan,nan,nan,2.0000,0.0000,0.0000,0.0000,1.0000,0,0,1,0.25,0,0,1,0
6.3616,nan,nan,nan,nan,0.0000,1.0000,nan,nan,nan,2.0000,0.0000,0.0000,0.0000,1.0000,0,0,1,0.25,0,0,1,0
6.3784,nan,nan,nan,nan,0.0000,1.0000,nan,nan,nan,2.0000,0.0000,0.0000,0.0000,1.0000,0,0,1,0.25,0,0,1,0
6.3976,nan,nan,nan,nan,0.0000,1.0000,nan,nan,nan,2.0000,0.0000,0.0000,0.0000,1.0000,0,0,1,0.25,0,0,1,0
6.4140,nan,nan,nan,nan,0.0000,1.0000,nan,nan,nan,2.0000,0.0000,1.0000,0.0000,1.0000,0,0,1,0.25,0,0,1,0
6.4316,nan,nan,nan,nan,0.0000,1.0000,nan,nan,nan,2.0000,0.0000,1.0000,0.0000,1.0000,0,0,1,0.25,0,0,1,0
6.4515,nan,nan,nan,nan,0.0000,1.0000,nan,nan,nan,2.0000,0.0000,1.0000,0.0000,1.0000,0,0,1,0.25,0,0,1,1
6.4681,nan,nan,nan,nan,0.0000,1.0000,nan,nan,nan,2.0000,0.0000,1.0000,0.0000,1.0000,0,0,1,0.25,0,0,1,1
6.4847,nan,nan,nan,nan,0.0000,1.0000,nan,nan,nan,2.0000,0.0000,1.0000,0.0000,1.0000,0,0,1,0.25,0,0,1,1
6.5016,nan,nan,nan,nan,0.0000,1.0000,nan,nan,nan,2.0000,0.0000,1.0000,0.0000,1.0000,0,0,1,0.25,0,0,1,1
6.5181,nan,nan,nan,nan,0.0000,1.0000,nan,nan,nan,2.0000,0.0000,1.0000,0.0000,1.0000,0,0,1,0.25,0,0,1,1
6.5345,nan,nan,nan,nan,0.0000,1.0000,nan,nan,nan,2.0000,0.0000,1.0000,0.0000,1.0000,0,0,1,0.25,0,0,1,1
6.5508,nan,nan,nan,nan,0.0000,1.0000,nan,nan,nan,2.0000,0.0000,1.0000,0.0000,1.0000,0,0,1,0.25,0,0,1,1
6.5679,nan,nan,nan,nan,0.0000,1.0000,nan,nan,nan,2.0000,0.0000,1.0000,0.0000,1.0000,0,0,1,0.25,0,0,1,0
6.5845,nan,nan,nan,nan,0.0000,1.0000,nan,nan,nan,2.0000,0.0000,1.0000,0.0000,1.0000,0,0,1,0.25,0,0,1,0
6.6021,nan,nan,nan,nan,0.0000,1.0000,nan,nan,nan,2.0000,0.0000,1.0000,0.0000,1.0000,0,0,1,0.25,0,0,1,0
6.6177,nan,nan,nan,nan,0.0000,1.0000,nan,nan,nan,2.0000,0.0000,1.0000,0.0000,1.0000,0,0,1,0.25,0,0,1,0
6.6400,nan,nan,nan,nan,0.0000,1.0000,nan,nan,nan,2.0000,0.0000,1.0000,0.0000,1.0000,0,0,1,0.25,0,0,1,0
6.6613,nan,nan,nan,nan,0.0000,1.0000,nan,nan,nan,2.0000,0.0000,1.0000,0.0000,1.0000,0,0,1,0.25,0,0,1,0
6.6807,nan,nan,nan,nan,0.0000,1.0000,nan,nan,nan,2.0000,0.0000,1.0000,0.0000,1.0000,0,0,1,0.25,0,0,1,0
6.7690,nan,nan,nan,nan,0.0000,1.0000,nan,nan,nan,2.0000,0.0000,1.0000,0.0000,1.0000,0,0,1,0.25,0,0,1,0
6.7912,nan,nan,nan,nan,0.0000,1.0000,nan,nan,nan,2.0000,0.0000,1.0000,0.0000,1.0000,0,0,1,0.25,0,0,1,0
6.8108,nan,nan,nan,nan,0.0000,1.0000,nan,nan,nan,2.0000,0.0000,1.0000,0.0000,1.0000,0,0,1,0.25,0,0,1,0
6.8342,nan,nan,nan,nan,0.0000,1.0000,nan,nan,nan,2.0000,0.0000,1.0000,0.0000,1.0000,0,0,1,0.25,0,0,1,0
6.8514,nan,nan,nan,nan,0.0000,1.0000,nan,nan,nan,2.0000,0.0000,1.0000,0.0000,1.0000,0,0,1,0.25,0,0,1,0
6.8678,nan,nan,nan,nan,0.0000,1.0000,nan,nan,nan,2.0000,0.0000,1.0000,0.0000,1.0000,0,0,1,0.25,0,0,1,0
6.8844,nan,nan,nan,nan,0.0000,1.0000,nan,nan,nan,2.0000,0.0000,1.0000,0.0000,1.0000,0,0,1,0.25,0,0,1,0
6.9010,nan,nan,nan,nan,0.0000,1.0000,nan,nan,nan,2.0000,0.0000,1.0000,0.0000,1.0000,0,0,1,0.25,0,0,1,0
6.9176,nan,nan,nan,nan,0.0000,1.0000,nan,nan,nan,2.0000,0.0000,1.0000,0.0000,1.0000,0,0,1,0.25,0,0,1,0
6.9343,nan,nan,nan,nan,0.0000,1.0000,nan,nan,nan,2.0000,0.0000,1.0000,0.0000,1.0000,0,0,1,0.25,0,0,1,0
6.9513,nan,nan,nan,nan,0.0000,1.0000,nan,nan,nan,2.0000,0.0000,1.0000,0.0000,1.0000,0,0,1,0.25,0,0,1,0
6.9686,nan,nan,nan,nan,0.0000,1.0000,nan,nan,nan,2.0000,0.0000,1.0000,0.0000,1.0000,0,0,1,0.25,0,0,1,0
6.9848,nan,nan,nan,nan,0.0000,1.0000,nan,nan,nan,2.0000,0.0000,1.0000,0.0000,1.0000,0,0,1,0.25,0,0,1,0
7.0014,nan,nan,nan,nan,0.0000,1.0000,nan,nan,nan,2.0000,0.0000,1.0000,0.0000,1.0000,0,0,1,0.25,0,0,1,0
7.0231,nan,nan,nan,nan,0.0000,1.0000,nan,nan,nan,2.0000,0.0000,1.0000,0.0000,1.0000,0,0,1,0.25,0,0,1,0
7.0444,nan,nan,nan,nan,0.0000,1.0000,nan,nan,nan,2.0000,0.0000,1.0000,0.0000,1.0000,0,0,1,0.25,0,0,1,0
7.0645,nan,nan,nan,nan,0.0000,1.0000,nan,nan,nan,2.0000,0.0000,1.0000,0.0000,1.0000,0,0,1,0.25,0,0,1,0
7.0806,nan,nan,nan,nan,0.0000,1.0000,nan,nan,nan,2.0000,0.0000,1.0000,0.0000,1.0000,0,0,1,0.25,0,0,1,0
7.0982,nan,nan,nan,nan,0.0000,1.0000,nan,nan,nan,2.0000,0.0000,1.0000,0.0000,1.0000,0,0,1,0.25,0,0,1,0
7.1177,nan,nan,nan,nan,0.0000,1.0000,nan,nan,nan,2.0000,0.0000,1.0000,0.0000,1.0000,0,0,1,0.25,0,0,1,0
7.1347,nan,nan,nan,nan,0.0000,1.0000,nan,nan,nan,2.0000,0.0000,1.0000,0.0000,1.0000,0,0,1,0.25,0,0,1,0
7.1515,nan,nan,nan,nan,0.0000,1.0000,nan,nan,nan,2.0000,0.0000,1.0000,0.0000,1.0000,0,0,1,0.25,0,0,1,0
7.1677,nan,nan,nan,nan,0.0000,1.0000,nan,nan,nan,2.0000,0.0000,1.0000,0.0000,1.0000,0,0,1,0.25,0,0,1,0
7.1841,nan,nan,nan,nan,0.0000,1.0000,nan,nan,nan,2.0000,0.0000,1.0000,0.0000,1.0000,0,0,1,0.25,0,0,1,0
7.2685,nan,nan,nan,nan,0.0000,1.0000,nan,nan,nan,2.0000,0.0000,1.0000,0.0000,1.0000,0,0,1,0.25,0,0,1,0
7.2853,nan,nan,nan,nan,0.0000,1.0000,nan,nan,nan,2.0000,0.0000,1.0000,0.0000,1.0000,0,0,1,0.25,0,0,1,1
7.3012,nan,nan,nan,nan,0.0000,1.0000,nan,nan,nan,2.0000,0.0000,1.0000,0.0000,1.0000,0,0,1,0.25,0,0,1,1
7.3230,nan,nan,nan,nan,0.0000,1.0000,nan,nan,nan,2.0000,0.0000,1.0000,0.0000,1.0000,0,0,1,0.25,0,0,1,1
7.3446,nan,nan,nan,nan,0.0000,1.0000,nan,nan,nan,2.0000,0.0000,1.0000,0.0000,1.0000,0,0,1,0.25,0,0,1,1
7.3647,nan,nan,nan,nan,0.0000,1.0000,nan,nan,nan,2.0000,0.0000,1.0000,0.0000,1.0000,0,0,1,0.25,0,0,1,1
7.3842,nan,nan,nan,nan,0.0000,1.0000,nan,nan,nan,2.0000,0.0000,1.0000,0.0000,1.0000,0,0,1,0.25,0,0,1,1
7.3996,nan,nan,nan,nan,0.0000,1.0000,nan,nan,nan,2.0000,0.0000,1.0000,0.0000,1.0000,0,0,1,0.25,0,0,1,1
7.4170,nan,nan,nan,nan,0.0000,1.0000,nan,nan,nan,2.0000,0.0000,1.0000,0.0000,1.0000,0,0,1,0.25,0,0,1,0
7.4349,nan,nan,nan,nan,0.0000,1.0000,nan,nan,nan,2.0000,0.0000,1.0000,0.0000,1.0000,0,0,1,0.25,0,0,1,0
7.4510,nan,nan,nan,nan,0.0000,1.0000,nan,nan,nan,2.0000,0.0000,1.0000,0.0000,1.0000,0,0,1,0.25,0,0,1,0
7.4675,nan,nan,nan,nan,0.0000,1.0000,nan,nan,nan,2.0000,0.0000,1.0000,0.0000,1.0000,0,0,1,0.25,0,0,1,0
7.4843,nan,nan,nan,nan,0.0000,1.0000,nan,nan,nan,2.0000,0.0000,1.0000,0.0000,1.0000,0,0,1,0.25,0,0,1,0
7.5009,nan,nan,nan,nan,0.0000,1.0000,nan,nan,nan,2.0000,0.0000,1.0000,0.0000,1.0000,0,0,1,0.25,0,0,1,0
7.5179,nan,nan,nan,nan,0.0000,1.0000,nan,nan,nan,2.0000,0.0000,1.0000,0.0000,1.0000,0,0,1,0.25,0,0,1,0
7.5341,nan,nan,nan,nan,0.0000,1.0000,nan,nan,nan,2.0000,0.0000,1.0000,0.0000,1.0000,0,0,1,0.25,0,0,1,0
7.5511,nan,nan,nan,nan,0.0000,1.0000,nan,nan,nan,2.0000,0.0000,1.0000,0.0000,1.0000,0,0,1,0.25,0,0,1,0
7.5679,nan,nan,nan,nan,0.0000,1.0000,nan,nan,nan,2.0000,0.0000,1.0000,0.0000,1.0000,0,0,1,0.25,0,0,1,0
7.5842,nan,nan,nan,nan,0.0000,1.0000,nan,nan,nan,2.0000,0.0000,1.0000,0.0000,1.0000,0,0,1,0.25,0,0,1,0
7.6008,nan,nan,nan,nan,0.0000,1.0000,nan,nan,nan,2.0000,0.0000,1.0000,0.0000,1.0000,0,0,1,0.25,0,0,1,0
7.6178,nan,nan,nan,nan,0.0000,1.0000,nan,nan,nan,2.0000,0.0000,1.0000,0.0000,1.0000,0,0,1,0.25,0,0,1,0
7.6342,nan,nan,nan,nan,0.0000,1.0000,nan,nan,nan,2.0000,0.0000,1.0000,0.0000,1.0000,0,0,1,0.25,0,0,1,0
7.6507,nan,nan,nan,nan,0.0000,1.0000,nan,nan,nan,2.0000,0.0000,1.0000,0.0000,1.0000,0,0,1,0.25,0,0,1,0
7.6674,nan,nan,nan,nan,0.0000,1.0000,nan,nan,nan,2.0000,0.0000,1.0000,0.0000,1.0000,0,0,1,0.25,0,0,1,0
7.6843,nan,nan,nan,nan,0.0000,1.0000,nan,nan,nan,2.0000,0.0000,1.0000,0.0000,1.0000,0,0,1,0.25,0,0,1,0
7.7685,nan,nan,nan,nan,0.0000,1.0000,nan,nan,nan,2.0000,0.0000,1.0000,0.0000,1.0000,0,0,1,0.25,0,0,1,0
7.7852,nan,nan,nan,nan,0.0000,1.0000,nan,nan,nan,2.0000,0.0000,1.0000,0.0000,1.0000,0,0,1,0.25,0,0,1,0
7.8012,nan,nan,nan,nan,0.0000,1.0000,nan,nan,nan,2.0000,0.0000,1.0000,0.0000,1.0000,0,0,1,0.25,0,0,1,0
7.8251,nan,nan,nan,nan,0.0000,1.0000,nan,nan,nan,2.0000,0.0000,1.0000,0.0000,1.0000,0,0,1,0.25,0,0,1,0
7.8449,nan,nan,nan,nan,0.0000,1.0000,nan,nan,nan,2.0000,0.0000,1.0000,0.0000,1.0000,0,0,1,0.25,0,0,1,0
7.8645,nan,nan,nan,nan,0.0000,1.0000,nan,nan,nan,2.0000,0.0000,1.0000,0.0000,1.0000,0,0,1,0.25,0,0,1,0
7.8810,nan,nan,nan,nan,0.0000,1.0000,nan,nan,nan,2.0000,0.0000,1.0000,0.0000,1.0000,0,0,1,0.25,0,0,1,0
7.8977,nan,nan,nan,nan,0.0000,1.0000,nan,nan,nan,2.0000,0.0000,1.0000,0.0000,1.0000,0,0,1,0.25,0,0,1,0
7.9150,nan,nan,nan,nan,0.0000,1.0000,nan,nan,nan,2.0000,0.0000,1.0000,0.0000,1.0000,0,0,1,0.25,0,0,1,0
7.9343,nan,nan,nan,nan,0.0000,1.0000,nan,nan,nan,2.0000,0.0000,1.0000,0.0000,1.0000,0,0,1,0.25,0,0,1,0
7.9510,nan,nan,nan,nan,0.0000,1.0000,nan,nan,nan,2.0000,0.0000,1.0000,0.0000,1.0000,0,0,1,0.25,0,0,1,0
7.9674,nan,nan,nan,nan,0.0000,1.0000,nan,nan,nan,2.0000,0.0000,1.0000,0.0000,1.0000,0,0,1,0.25,0,0,1,0
7.9842,nan,nan,nan,nan,0.0000,1.0000,nan,nan,nan,2.0000,0.0000,1.0000,0.0000,1.0000,0,0,1,0.25,0,0,1,0
8.0013,nan,nan,nan,nan,0.0000,1.0000,nan,nan,nan,2.0000,0.0000,1.0000,0.0000,1.0000,0,0,1,0.25,0,0,1,0
8.0177,nan,nan,nan,nan,0.0000,1.0000,nan,nan,nan,2.0000,0.0000,1.0000,0.0000,1.0000,0,0,1,0.25,0,0,1,0
8.0344,nan,nan,nan,nan,0.0000,1.0000,nan,nan,nan,2.0000,0.0000,1.0000,0.0000,1.0000,0,0,1,0.25,0,0,1,0
8.0507,nan,nan,nan,nan,0.0000,1.0000,nan,nan,nan,2.0000,0.0000,1.0000,0.0000,1.0000,0,0,1,0.25,0,0,1,0
8.0680,nan,nan,nan,nan,0.0000,1.0000,nan,nan,nan,2.0000,0.0000,1.0000,0.0000,1.0000,0,0,1,0.25,0,0,1,0
8.0842,nan,nan,nan,nan,0.0000,1.0000,nan,nan,nan,2.0000,0.0000,1.0000,0.0000,1.0000,0,0,1,0.25,0,0,1,0
8.1009,nan,nan,nan,nan,0.0000,1.0000,nan,nan,nan,2.0000,0.0000,1.0000,0.0000,1.0000,0,0,1,0.25,0,0,1,1
8.1172,nan,nan,nan,nan,0.0000,1.0000,nan,nan,nan,2.0000,0.0000,1.0000,0.0000,1.0000,0,0,1,0.25,0,0,1,1
8.1346,nan,nan,nan,nan,0.0000,1.0000,nan,nan,nan,2.0000,0.0000,1.0000,0.0000,1.0000,0,0,1,0.25,0,0,1,1
8.1506,nan,nan,nan,nan,0.0000,1.0000,nan,nan,nan,2.0000,0.0000,1.0000,0.0000,1.0000,0,0,1,0.25,0,0,1,1
8.1671,nan,nan,nan,nan,0.0000,1.0000,nan,nan,nan,2.0000,0.0000,1.0000,0.0000,1.0000,0,0,1,0.25,0,0,1,1
8.1837,nan,nan,nan,nan,0.0000,1.0000,nan,nan,nan,2.0000,0.0000,1.0000,0.0000,1.0000,0,0,1,0.25,0,0,1,1
8.2007,nan,nan,nan,nan,0.0000,1.0000,nan,nan,nan,2.0000,0.0000,1.0000,0.0000,1.0000,0,0,1,0.25,0,0,1,1
8.2908,nan,nan,nan,nan,0.0000,1.0000,nan,nan,nan,2.0000,0.0000,1.0000,0.0000,1.0000,0,0,1,0.25,0,0,1,0
8.3110,nan,nan,nan,nan,0.0000,1.0000,nan,nan,nan,2.0000,0.0000,1.0000,0.0000,1.0000,0,0,1,0.25,0,0,1,0
8.3280,nan,nan,nan,nan,0.0000,1.0000,nan,nan,nan,2.0000,0.0000,1.0000,0.0000,1.0000,0,0,1,0.25,0,0,1,0
8.3484,nan,nan,nan,nan,0.0000,1.0000,nan,nan,nan,2.0000,0.0000,1.0000,0.0000,1.0000,0,0,1,0.25,0,0,1,0
8.3675,nan,nan,nan,nan,0.0000,1.0000,nan,nan,nan,2.0000,0.0000,1.0000,0.0000,1.0000,0,0,1,0.25,0,0,1,0
8.3851,nan,nan,nan,nan,0.0000,1.0000,nan,nan,nan,2.0000,0.0000,1.0000,0.0000,1.0000,0,0,1,0.25,0,0,1,0
8.4009,nan,nan,nan,nan,0.0000,1.0000,nan,nan,nan,2.0000,0.0000,1.0000,0.0000,1.0000,0,0,1,0.25,0,0,1,0
8.4245,nan,nan,nan,nan,0.0000,1.0000,nan,nan,nan,2.0000,0.0000,1.0000,0.0000,1.0000,0,0,1,0.25,0,0,1,0
8.4455,nan,nan,nan,nan,0.0000,1.0000,nan,nan,nan,2.0000,0.0000,1.0000,0.0000,1.0000,0,0,1,0.25,0,0,1,0
8.4642,nan,nan,nan,nan,0.0000,1.0000,nan,nan,nan,2.0000,0.0000,1.0000,0.0000,1.0000,0,0,1,0.25,0,0,1,0
8.4807,nan,nan,nan,nan,0.0000,1.0000,nan,nan,nan,2.0000,0.0000,1.0000,0.0000,1.0000,0,0,1,0.25,0,0,1,0
8.5011,nan,nan,nan,nan,0.0000,1.0000,nan,nan,nan,2.0000,0.0000,1.0000,0.0000,1.0000,0,0,1,0.25,0,0,1,0
8.5180,nan,nan,nan,nan,0.0000,1.0000,nan,nan,nan,2.0000,0.0000,1.0000,0.0000,1.0000,0,0,1,0.25,0,0,1,0
8.5340,nan,nan,nan,nan,0.0000,1.0000,nan,nan,nan,2.0000,0.0000,1.0000,0.0000,1.0000,0,0,1,0.25,0,0,1,0
8.5509,nan,nan,nan,nan,0.0000,1.0000,nan,nan,nan,2.0000,0.0000,1.0000,0.0000,1.0000,0,0,1,0.25,0,0,1,0
8.5673,nan,nan,nan,nan,0.0000,1.0000,nan,nan,nan,2.0000,0.0000,1.0000,0.0000,1.0000,0,0,1,0.25,0,0,1,0
8.5844,nan,nan,nan,nan,0.0000,1.0000,nan,nan,nan,2.0000,0.0000,1.0000,0.0000,1.0000,0,0,1,0.25,0,0,1,0
8.6033,nan,nan,nan,nan,0.0000,1.0000,nan,nan,nan,2.0000,0.0000,1.0000,0.0000,1.0000,0,0,1,0.25,0,0,1,0
8.6244,nan,nan,nan,nan,0.0000,1.0000,nan,nan,nan,2.0000,0.0000,1.0000,0.0000,1.0000,0,0,1,0.25,0,0,1,0
8.6451,nan,nan,nan,nan,0.0000,1.0000,nan,nan,nan,2.0000,0.0000,1.0000,0.0000,1.0000,0,0,1,0.25,0,0,1,0
8.6642,nan,nan,nan,nan,0.0000,1.0000,nan,nan,nan,2.0000,0.0000,1.0000,0.0000,1.0000,0,0,1,0.25,0,0,1,0
8.6807,nan,nan,nan,nan,0.0000,1.0000,nan,nan,nan,2.0000,0.0000,1.0000,0.0000,1.0000,0,0,1,0.25,0,0,1,0
8.6981,nan,nan,nan,nan,0.0000,1.0000,nan,nan,nan,2.0000,0.0000,1.0000,0.0000,1.0000,0,0,1,0.25,0,0,1,0
8.7144,nan,nan,nan,nan,0.0000,1.0000,nan,nan,nan,2.0000,0.0000,1.0000,0.0000,1.0000,0,0,1,0.25,0,0,1,0
8.8019,nan,nan,nan,nan,0.0000,1.0000,nan,nan,nan,2.0000,0.0000,1.0000,0.0000,1.0000,0,0,1,0.25,0,0,1,0
8.8239,nan,nan,nan,nan,0.0000,1.0000,nan,nan,nan,2.0000,0.0000,1.0000,0.0000,1.0000,0,0,1,0.25,0,0,1,0
8.8449,nan,nan,nan,nan,0.0000,1.0000,nan,nan,nan,2.0000,0.0000,1.0000,0.0000,1.0000,0,0,1,0.25,0,0,1,0
8.8653,nan,nan,nan,nan,0.0000,1.0000,nan,nan,nan,2.0000,0.0000,1.0000,0.0000,1.0000,0,0,1,0.25,0,0,1,0
8.8846,nan,nan,nan,nan,0.0000,1.0000,nan,nan,nan,2.0000,0.0000,1.0000,0.0000,1.0000,0,0,1,0.25,0,0,1,0
8.9010,nan,nan,nan,nan,0.0000,1.0000,nan,nan,nan,2.0000,0.0000,1.0000,0.0000,1.0000,0,0,1,0.25,0,0,1,0
8.9179,nan,nan,nan,nan,0.0000,1.0000,nan,nan,nan,2.0000,0.0000,1.0000,0.0000,1.0000,0,0,1,0.25,0,0,1,1
8.9336,nan,nan,nan,nan,0.0000,1.0000,nan,nan,nan,2.0000,0.0000,1.0000,0.0000,1.0000,0,0,1,0.25,0,0,1,1
8.9582,nan,nan,nan,nan,0.0000,1.0000,nan,nan,nan,2.0000,0.0000,1.0000,0.0000,1.0000,0,0,1,0.25,0,0,1,1
8.9770,nan,nan,nan,nan,0.0000,1.0000,nan,nan,nan,2.0000,0.0000,1.0000,0.0000,1.0000,0,0,1,0.25,0,0,1,1
8.9933,nan,nan,nan,nan,0.0000,1.0000,nan,nan,nan,2.0000,0.0000,1.0000,0.0000,1.0000,0,0,1,0.25,0,0,1,1
9.0137,nan,nan,nan,nan,0.0000,1.0000,nan,nan,nan,2.0000,0.0000,1.0000,0.0000,1.0000,0,0,1,0.25,0,0,1,1
9.0304,nan,nan,nan,nan,0.0000,1.0000,nan,nan,nan,2.0000,0.0000,1.0000,0.0000,1.0000,0,0,1,0.25,0,0,1,1
9.0479,nan,nan,nan,nan,0.0000,1.0000,nan,nan,nan,2.0000,0.0000,1.0000,0.0000,1.0000,0,0,1,0.25,0,0,1,0
9.0645,nan,nan,nan,nan,0.0000,1.0000,nan,nan,nan,2.0000,0.0000,1.0000,0.0000,1.0000,0,0,1,0.25,0,0,1,0
9.0845,nan,nan,nan,nan,0.0000,1.0000,nan,nan,nan,2.0000,0.0000,1.0000,0.0000,1.0000,0,0,1,0.25,0,0,1,0
9.1010,nan,nan,nan,nan,0.0000,1.0000,nan,nan,nan,2.0000,0.0000,1.0000,0.0000,1.0000,0,0,1,0.25,0,0,1,0
9.1177,nan,nan,nan,nan,0.0000,1.0000,nan,nan,nan,2.0000,0.0000,1.0000,0.0000,1.0000,0,0,1,0.25,0,0,1,0
9.1350,nan,nan,nan,nan,0.0000,1.0000,nan,nan,nan,2.0000,0.0000,1.0000,0.0000,1.0000,0,0,1,0.25,0,0,1,0
9.1505,nan,nan,nan,nan,0.0000,1.0000,nan,nan,nan,2.0000,0.0000,1.0000,0.0000,1.0000,0,0,1,0.25,0,0,1,0
9.1733,nan,nan,nan,nan,0.0000,1.0000,nan,nan,nan,2.0000,0.0000,1.0000,0.0000,1.0000,0,0,1,0.25,0,0,1,0
9.1933,nan,nan,nan,nan,0.0000,1.0000,nan,nan,nan,2.0000,0.0000,1.0000,0.0000,1.0000,0,0,1,0.25,0,0,1,0
9.2097,nan,nan,nan,nan,0.0000,1.0000,nan,nan,nan,2.0000,0.0000,1.0000,0.0000,1.0000,0,0,1,0.25,0,0,1,0
9.2270,nan,nan,nan,nan,0.0000,1.0000,nan,nan,nan,2.0000,0.0000,1.0000,0.0000,1.0000,0,0,1,0.25,0,0,1,0
9.3184,nan,nan,nan,nan,0.0000,1.0000,nan,nan,nan,2.0000,0.0000,1.0000,0.0000,1.0000,0,0,1,0.25,0,0,1,0
9.3347,nan,nan,nan,nan,0.0000,1.0000,nan,nan,nan,2.0000,0.0000,1.0000,0.0000,1.0000,0,0,1,0.25,0,0,1,0
9.3569,nan,nan,nan,nan,0.0000,1.0000,nan,nan,nan,2.0000,0.0000,1.0000,0.0000,1.0000,0,0,1,0.25,0,0,1,0
9.3771,nan,nan,nan,nan,0.0000,1.0000,nan,nan,nan,2.0000,0.0000,1.0000,0.0000,1.0000,0,0,1,0.25,0,0,1,0
9.3974,nan,nan,nan,nan,0.0000,1.0000,nan,nan,nan,2.0000,0.0000,1.0000,0.0000,1.0000,0,0,1,0.25,0,0,1,0
9.4138,nan,nan,nan,nan,0.0000,1.0000,nan,nan,nan,2.0000,0.0000,1.0000,0.0000,1.0000,0,0,1,0.25,0,0,1,0
9.4310,nan,nan,nan,nan,0.0000,1.0000,nan,nan,nan,2.0000,0.0000,1.0000,0.0000,1.0000,0,0,1,0.25,0,0,1,0
9.4475,nan,nan,nan,nan,0.0000,1.0000,nan,nan,nan,2.0000,0.0000,1.0000,0.0000,1.0000,0,0,1,0.25,0,0,1,0
9.4649,nan,nan,nan,nan,0.0000,1.0000,nan,nan,nan,2.0000,0.0000,1.0000,0.0000,1.0000,0,0,1,0.25,0,0,1,0
9.4818,nan,nan,nan,nan,0.0000,1.0000,nan,nan,nan,2.0000,0.0000,1.0000,0.0000,1.0000,0,0,1,0.25,0,0,1,0
9.4980,nan,nan,nan,nan,0.0000,1.0000,nan,nan,nan,2.0000,0.0000,1.0000,0.0000,1.0000,0,0,1,0.25,0,0,1,0
9.5176,nan,nan,nan,nan,0.0000,1.0000,nan,nan,nan,2.0000,0.0000,1.0000,0.0000,1.0000,0,0,1,0.25,0,0,1,0
9.5344,nan,nan,nan,nan,0.0000,1.0000,nan,nan,nan,2.0000,0.0000,1.0000,0.0000,1.0000,0,0,1,0.25,0,0,1,0
9.5507,nan,nan,nan,nan,0.0000,1.0000,nan,nan,nan,2.0000,0.0000,1.0000,0.0000,1.0000,0,0,1,0.25,0,0,1,0
9.5674,nan,nan,nan,nan,0.0000,1.0000,nan,nan,nan,2.0000,0.0000,1.0000,0.0000,1.0000,0,0,1,0.25,0,0,1,0
9.5837,nan,nan,nan,nan,0.0000,1.0000,nan,nan,nan,2.0000,0.0000,1.0000,0.0000,1.0000,0,0,1,0.25,0,0,1,0
9.6007,nan,nan,nan,nan,0.0000,1.0000,nan,nan,nan,2.0000,0.0000,1.0000,0.0000,1.0000,0,0,1,0.25,0,0,1,0
9.6177,nan,nan,nan,nan,0.0000,1.0000,nan,nan,nan,2.0000,0.0000,1.0000,0.0000,1.0000,0,0,1,0.25,0,0,1,0
9.6339,nan,nan,nan,nan,0.0000,1.0000,nan,nan,nan,2.0000,0.0000,1.0000,0.0000,1.0000,0,0,1,0.25,0,0,1,0
9.6504,nan,nan,nan,nan,0.0000,1.0000,nan,nan,nan,2.0000,0.0000,1.0000,0.0000,1.0000,0,0,1,0.25,0,0,1,0
9.6675,nan,nan,nan,nan,0.0000,1.0000,nan,nan,nan,2.0000,0.0000,1.0000,0.0000,1.0000,0,0,1,0.25,0,0,1,0
9.6840,nan,nan,nan,nan,0.0000,1.0000,nan,nan,nan,2.0000,0.0000,1.0000,0.0000,1.0000,0,0,1,0.25,0,0,1,0
9.7007,nan,nan,nan,nan,0.0000,1.0000,nan,nan,nan,2.0000,0.0000,1.0000,0.0000,1.0000,0,0,1,0.25,0,0,1,0
9.7183,nan,nan,nan,nan,0.0000,1.0000,nan,nan,nan,2.0000,0.0000,1.0000,0.0000,1.0000,0,0,1,0.25,0,0,1,0
9.7344,nan,nan,nan,nan,0.0000,1.0000,nan,nan,nan,2.0000,0.0000,1.0000,0.0000,1.0000,0,0,1,0.25,0,0,1,1
9.8255,nan,nan,nan,nan,0.0000,1.0000,nan,nan,nan,2.0000,0.0000,1.0000,0.0000,1.0000,0,0,1,0.25,0,0,1,1
9.8454,nan,nan,nan,nan,0.0000,1.0000,nan,nan,nan,2.0000,0.0000,1.0000,0.0000,1.0000,0,0,1,0.25,0,0,1,1
9.8648,nan,nan,nan,nan,0.0000,1.0000,nan,nan,nan,2.0000,0.0000,1.0000,0.0000,1.0000,0,0,1,0.25,0,0,1,0
9.8818,nan,nan,nan,nan,0.0000,1.0000,nan,nan,nan,2.0000,0.0000,1.0000,0.0000,1.0000,0,0,1,0.25,0,0,1,0
9.8984,nan,nan,nan,nan,0.0000,1.0000,nan,nan,nan,2.0000,0.0000,1.0000,0.0000,1.0000,0,0,1,0.25,0,0,1,0
9.9180,nan,nan,nan,nan,0.0000,1.0000,nan,nan,nan,2.0000,0.0000,1.0000,0.0000,1.0000,0,0,1,0.25,0,0,1,0
9.9342,nan,nan,nan,nan,0.0093,0.9994,nan,nan,nan,2.0000,0.0000,1.0000,0.0012,0.9988,0,0,1,0.25,0,0,1,0
9.9508,147.0000,0.0000,89.0000,nan,1.0051,0.9341,nan,nan,nan,2.0000,0.0000,1.0000,0.1245,0.9089,0,0,1,0.25,0,0,1,0
9.9711,147.0000,nan,89.0000,nan,2.8537,0.8128,0.3091,nan,nan,2.0000,0.0000,1.0000,0.2311,0.9371,0,0,1,0.25,0,0,1,0
9.9898,147.0000,1.6000,89.0000,nan,4.2694,0.7199,0.2973,nan,nan,2.0000,0.0000,1.0000,0.1771,1.0126,0,0,1,0.25,0,0,1,0
10.0110,147.0000,2.5000,89.0000,nan,4.4118,0.7105,0.2921,nan,nan,2.0000,0.0000,1.0000,0.0339,1.0139,0,0,1,0.25,0,0,1,0
10.0293,146.0000,3.3000,89.0000,nan,4.7425,0.6888,0.2878,0.2678,nan,2.0000,0.0000,1.0000,0.0469,1.0353,0,0,1,0.25,0,0,1,0
10.0479,146.0000,4.2000,89.0000,nan,5.2710,0.6542,0.2840,0.2620,nan,2.0000,0.0000,1.0000,0.0705,1.0802,0,0,1,0.25,0,0,1,0
10.0682,145.0000,5.7000,89.0000,nan,5.8246,0.6179,0.2773,0.2521,nan,2.0000,0.0000,1.0000,0.0770,1.1357,0,0,1,0.25,0,0,1,0
10.0858,144.0000,6.0000,89.0000,nan,5.9463,0.6099,0.2609,0.2302,nan,2.0000,0.0000,1.0000,0.0449,1.1459,0,0,1,0.25,0,0,1,0
10.1064,142.0000,7.8000,89.0000,nan,6.2116,0.5925,0.2338,0.1933,nan,2.0000,0.0000,1.0000,0.0803,1.1710,0,0,1,0.25,0,0,1,0
10.1287,141.0000,8.8000,89.0000,nan,6.3795,0.5814,0.2225,0.1790,nan,2.0000,0.0000,1.0000,0.0484,1.1862,0,0,1,0.25,0,0,1,0
10.1482,140.0000,9.8000,89.0000,nan,6.5478,0.5704,0.2124,0.1660,nan,2.0000,0.0000,1.0000,0.0532,1.2037,0,0,1,0.25,0,0,1,0
10.1683,138.0000,10.7000,89.0000,nan,6.7161,0.5594,0.2036,0.1538,nan,2.0000,0.0000,1.0000,0.0551,1.2215,0,0,1,0.25,0,0,1,0
10.1925,135.0000,10.9000,89.0000,nan,6.9627,0.5432,0.1884,0.1369,nan,2.0000,0.0000,1.0000,0.0942,1.2472,0,0,1,0.25,0,0,1,0
10.2133,134.0000,11.0000,89.0000,nan,7.0707,0.5361,0.1823,0.1300,nan,2.0000,0.0000,1.0000,0.0613,1.2591,0,0,1,0.25,0,0,1,0
10.2310,132.0000,11.1000,89.0000,nan,7.2241,0.5260,0.1770,0.1228,nan,2.0000,0.0000,1.0000,0.0656,1.2754,0,0,1,0.25,0,0,1,0
10.2490,131.0000,11.1000,89.0000,nan,7.3466,0.5180,0.1725,0.1165,nan,2.0000,0.0000,1.0000,0.0630,1.2895,0,0,1,0.25,0,0,1,0
10.3417,121.0000,11.6000,89.0000,nan,9.5771,0.3717,0.1743,0.1847,nan,2.0000,0.0000,0.0000,0.3274,1.3449,0,0,1,0.25,0,0,1,0
10.3618,119.0000,11.7000,89.0000,nan,10.9448,0.2819,0.1868,0.2166,nan,2.0000,0.0000,0.0000,0.1823,1.3422,0,0,1,0.25,0,0,1,0
10.3816,118.0000,11.8000,89.0000,nan,12.5723,0.1751,0.2010,0.2400,nan,2.0000,0.0000,0.0000,0.1673,1.3375,0,0,1,0.25,0,0,1,0
10.4025,116.0000,11.9000,89.0000,nan,14.0085,0.0809,0.2123,0.2538,nan,2.0000,0.0000,0.0000,0.1258,1.3342,0,0,1,0.25,0,0,1,0
10.4256,113.0000,12.1000,88.0000,nan,16.2215,0.0000,0.2268,0.2691,nan,2.0000,0.0000,0.0000,0.1622,1.3329,0,0,1,0.25,0,0,1,0
10.4448,111.0000,12.1000,88.0000,nan,17.2417,0.0000,0.2330,0.2750,nan,2.0000,0.0000,0.0000,0.0748,1.3329,0,0,1,0.25,0,0,1,0
10.4651,109.0000,12.2000,88.0000,nan,18.0672,0.0000,0.2372,0.2787,nan,2.0000,0.0000,0.0000,0.0654,1.3328,0,0,1,0.25,0,0,1,0
10.4859,107.0000,12.3000,88.0000,nan,18.2185,0.0000,0.2384,0.2798,nan,2.0000,0.0000,0.0000,0.0554,1.3307,0,0,1,0.25,0,0,1,0
10.5080,104.0000,12.5000,88.0000,nan,18.0506,0.0000,0.2391,0.2804,nan,2.0000,0.0000,0.0000,0.0957,1.3253,0,0,1,0.25,0,0,1,0
10.5275,nan,12.6000,88.0000,nan,17.9251,0.0000,0.2388,0.2799,nan,2.0000,0.0000,0.0000,0.0538,1.3202,0,0,1,0.25,0,0,1,0
10.5482,nan,12.6000,88.0000,nan,17.8120,0.0000,0.2387,0.2800,nan,2.0000,0.0000,0.0000,0.0533,1.3157,0,0,1,0.25,0,0,1,0
10.5683,98.0000,12.7000,88.0000,nan,17.7681,0.0000,0.2392,0.2804,nan,2.0000,0.0000,0.0000,0.0548,1.3106,0,0,1,0.25,0,0,1,0
10.5859,96.0000,12.8000,88.0000,nan,17.7777,0.0000,0.2394,0.2802,nan,2.0000,0.0000,0.0000,0.0530,1.3039,0,0,1,0.25,0,0,1,0
10.6081,92.0000,13.0000,88.0000,nan,17.2002,0.0000,0.2366,0.2775,nan,2.0000,0.0000,0.0000,0.0970,1.2896,0,0,1,0.25,0,0,1,0
10.6277,90.0000,13.0000,87.0000,nan,17.1095,0.0000,0.2364,0.2775,nan,2.0000,0.0000,0.0000,0.0537,1.2818,0,0,1,0.25,0,0,1,0
10.6487,88.0000,13.0000,87.0000,nan,17.2042,0.0000,0.2352,0.2759,nan,2.0000,0.0000,0.0000,0.0572,1.2720,0,0,1,0.25,0,0,1,0
10.6664,86.0000,13.0000,87.0000,nan,17.2666,0.0000,0.2353,0.2762,nan,2.0000,0.0000,0.0000,0.0563,1.2605,0,0,1,0.25,0,0,1,0
10.6854,84.0000,13.0000,87.0000,nan,17.2029,0.0000,0.2338,0.2746,nan,2.0000,0.0000,0.0000,0.0545,1.2496,0,0,1,0.25,0,0,1,0
10.7078,80.0000,13.0000,87.0000,nan,17.1402,0.0000,0.2330,0.2739,nan,2.0000,0.0000,0.0000,0.1119,1.2203,0,0,1,0.25,0,0,1,0
10.7287,78.0000,13.0000,87.0000,nan,17.3541,0.0000,0.2333,0.2741,nan,2.0000,0.0000,0.0000,0.0609,1.2076,0,0,1,0.25,0,0,1,0
10.7483,76.0000,13.0000,87.0000,nan,17.3442,0.0000,0.2324,0.2733,nan,2.0000,0.0000,0.0000,0.0557,1.1946,0,0,1,0.25,0,0,1,0
10.7691,74.0000,13.0000,87.0000,nan,17.4250,0.0000,0.2325,0.2734,nan,2.0000,0.0000,0.0000,0.0578,1.1816,0,0,1,0.25,0,0,1,0
10.8622,62.0000,13.0000,86.0000,nan,17.1166,0.0000,0.2299,0.2717,nan,2.0000,0.0000,0.0000,0.2957,1.0804,0,0,1,0.25,0,0,1,0
10.8822,60.0000,13.0000,86.0000,nan,17.1103,0.0000,0.2295,0.2718,nan,2.0000,0.0000,0.0000,0.0567,1.0605,0,0,1,0.25,0,0,1,0
10.9020,58.0000,13.0000,86.0000,nan,17.1823,0.0000,0.2298,0.2721,nan,2.0000,0.0000,0.0000,0.0587,1.0395,0,0,1,0.25,0,0,1,0
10.9254,54.0000,13.0000,86.0000,nan,17.2095,0.0000,0.2302,0.2727,nan,2.0000,0.0000,0.0000,0.1139,0.9960,0,0,1,0.25,0,0,1,0
10.9444,52.0000,13.0000,86.0000,nan,17.4548,0.0000,0.2313,0.2734,nan,2.0000,0.0000,0.0000,0.0631,0.9722,0,0,1,0.25,0,0,1,0
10.9641,49.0000,13.0000,86.0000,nan,17.4680,0.0000,0.2315,0.2736,nan,2.0000,0.0000,0.0000,0.0596,0.9491,0,0,1,0.25,0,0,1,0
10.9818,47.0000,13.0000,86.0000,nan,17.4914,0.0000,0.2321,0.2743,nan,2.0000,0.0000,0.0000,0.0607,0.9248,0,0,1,0.25,0,0,1,0
10.9995,45.0000,13.0000,86.0000,nan,17.4458,0.0000,0.2312,0.2733,nan,2.0000,0.0000,0.0000,0.0594,0.9022,0,0,1,0.25,0,0,1,0
11.0160,43.0000,13.0000,86.0000,nan,17.7733,0.0000,0.2326,0.2742,nan,2.0000,0.0000,0.0000,0.0638,0.8780,0,0,1,0.25,0,0,1,0
11.0354,41.0000,13.0000,85.0000,nan,17.9492,0.0000,0.2333,0.2748,nan,2.0000,0.0000,0.0000,0.0623,0.8538,0,0,1,0.25,0,0,1,0
11.0586,37.0000,13.0000,85.0000,nan,18.1471,0.0000,0.2355,0.2769,nan,2.0000,0.0000,0.0000,0.1168,0.8013,0,0,1,0.25,0,0,1,0
11.0780,35.0000,13.0000,85.0000,nan,18.5131,0.0000,0.2365,0.2775,nan,2.0000,0.0000,0.0000,0.0614,0.7751,0,0,1,0.25,0,0,1,0
11.0946,33.0000,13.0000,85.0000,nan,18.5901,0.0000,0.2375,0.2788,nan,2.0000,0.0000,0.0000,0.0604,0.7466,0,0,1,0.25,0,0,1,0
11.1130,31.0000,13.0000,85.0000,nan,18.6341,0.0000,0.2379,0.2794,nan,2.0000,0.0000,0.0000,0.0612,0.7174,0,0,1,0.25,0,0,1,0
11.1317,28.0000,13.0000,85.0000,nan,18.6971,0.0000,0.2387,0.2800,nan,2.0000,0.0000,0.0000,0.0608,0.6881,0,0,1,0.25,0,0,1,0
11.1520,26.0000,13.0000,85.0000,nan,18.7699,0.0000,0.2395,0.2811,nan,2.0000,0.0000,0.0000,0.0616,0.6560,0,0,1,0.25,0,0,1,0
11.1760,22.0000,13.0000,85.0000,nan,18.7835,0.0000,0.2419,0.2835,nan,2.0000,0.0000,0.0000,0.1189,0.5874,0,0,1,0.25,0,0,1,0
11.1955,20.0000,13.0000,85.0000,nan,18.8857,0.0000,0.2426,0.2842,nan,2.0000,0.0000,0.0000,0.0623,0.5505,0,0,1,0.25,0,0,1,0
11.2147,18.0000,13.0000,85.0000,255.0000,18.8565,0.0000,0.2444,0.2860,0.0000,0.0000,1.0000,0.0000,0.0620,0.5121,0,0,1,0.25,0,0,1,0
11.2356,16.0000,13.0000,84.0000,255.0000,19.0170,0.0000,0.2454,0.2869,0.0000,0.0000,1.0000,0.0000,0.0638,0.4720,0,0,1,0.25,0,0,1,0
11.2576,12.0000,13.0000,84.0000,255.0000,18.8421,0.0000,0.2480,0.2893,0.0000,0.0000,1.0000,0.0000,0.1224,0.3883,0,0,1,0.25,0,0,1,0
11.2774,9.0000,13.0000,84.0000,255.0000,18.5997,0.0000,0.2479,0.2894,0.0000,0.0000,1.0000,0.0000,0.0645,0.3454,0,0,1,0.25,0,0,1,0
11.3691,1.0000,13.0000,84.0000,255.0000,17.2138,0.0000,0.2475,0.2890,0.0000,0.0000,1.0000,0.0000,0.2748,0.1650,0,0,1,0.25,0,0,1,0
11.3911,5.0000,13.0000,84.0000,255.0000,16.3682,0.0000,0.2452,0.2868,0.0000,0.0000,1.0000,0.0000,0.1143,0.1588,0,0,1,0.25,0,0,1,0
11.4114,7.0000,13.0000,84.0000,255.0000,15.8644,0.0000,0.2438,0.2853,0.0000,0.0000,1.0000,0.0000,0.0593,0.1960,0,0,1,0.25,0,0,1,0
11.4315,9.0000,13.0000,83.0000,255.0000,15.3938,0.0000,0.2426,0.2840,0.0000,0.0000,1.0000,0.0000,0.0589,0.2392,0,0,1,0.25,0,0,1,0
11.4483,11.0000,13.0000,83.0000,254.0000,14.7499,0.0323,0.2408,0.2818,0.0127,0.0000,1.0000,0.0000,0.0606,0.2861,0,0,1,0.25,0,0,1,0
11.4662,13.0000,13.0000,83.0000,253.0000,14.1876,0.0692,0.2385,0.2789,0.0351,0.0000,1.0000,0.0000,0.0594,0.3323,0,0,1,0.25,0,0,1,0
11.4853,15.0000,13.0000,83.0000,253.0000,13.6133,0.1068,0.2372,0.2770,0.0636,0.0000,1.0000,0.0000,0.0595,0.3773,0,0,1,0.25,0,0,1,0
11.5071,19.0000,13.0000,83.0000,253.0000,12.5290,0.1780,0.2330,0.2698,0.1091,0.0000,1.0000,0.0000,0.1111,0.4602,0,0,1,0.25,0,0,1,0
11.5282,21.0000,13.0000,83.0000,254.0000,12.0087,0.2121,0.2301,0.2651,0.1501,0.0000,1.0000,0.0000,0.0589,0.4997,0,0,1,0.25,0,0,1,0
11.5484,24.0000,13.0000,83.0000,nan,11.4720,0.2473,0.2285,0.2616,nan,0.0000,0.0000,0.0000,0.0577,0.5379,0,0,1,0.25,0,0,1,1
11.5682,26.0000,13.0000,83.0000,nan,11.0116,0.2775,0.2258,0.2568,nan,0.0000,0.0000,0.0000,0.0568,0.5746,0,0,1,0.25,0,0,1,1
11.5850,28.0000,13.0000,83.0000,nan,10.7066,0.2976,0.2245,0.2534,nan,0.0000,0.0000,0.0000,0.0504,0.6062,0,0,1,0.25,0,0,1,1
11.6014,30.0000,13.0000,83.0000,nan,10.3329,0.3221,0.2222,0.2488,nan,0.0000,0.0000,0.0000,0.0536,0.6386,0,0,1,0.25,0,0,1,1
11.6247,34.0000,13.0000,82.0000,nan,9.7638,0.3594,0.2187,0.2410,nan,0.0000,0.0000,0.0000,0.0913,0.6992,0,0,1,0.25,0,0,1,1
11.6434,36.0000,13.0000,82.0000,nan,9.5722,0.3720,0.2184,0.2384,nan,0.0000,0.0000,0.0000,0.0451,0.7242,0,0,1,0.25,0,0,1,1
11.6608,38.0000,13.0000,82.0000,nan,9.3322,0.3877,0.2164,0.2338,nan,0.0000,0.0000,0.0000,0.0477,0.7513,0,0,1,0.25,0,0,1,1
11.6813,40.0000,13.0000,82.0000,nan,9.1038,0.4027,0.2156,0.2308,nan,0.0000,0.0000,0.0000,0.0486,0.7776,0,0,1,0.25,0,0,1,0
11.7019,42.0000,13.0000,82.0000,nan,8.7998,0.4227,0.2130,0.2251,nan,0.0000,0.0000,0.0000,0.0547,0.8079,0,0,1,0.25,0,0,1,0
11.7180,45.0000,13.0000,82.0000,nan,8.5704,0.4377,0.2115,0.2208,nan,0.0000,0.0000,0.0000,0.0492,0.8347,0,0,1,0.25,0,0,1,0
11.7408,nan,nan,nan,nan,37.4426,0.0000,0.3047,0.2634,nan,1.0000,0.0000,0.0000,1.5664,1.6745,0,0,1,0.25,0,0,1,0
11.7608,nan,nan,nan,nan,37.5642,0.0000,0.3047,0.2651,nan,1.0000,0.0000,0.0000,0.0145,1.6740,0,0,1,0.25,0,0,1,0
11.7836,nan,nan,nan,nan,37.6686,0.0000,0.3047,0.2664,nan,1.0000,0.0000,0.0000,0.0164,1.6733,0,0,1,0.25,0,0,1,0
11.8755,nan,nan,nan,nan,38.0928,0.0000,0.3045,0.2704,nan,1.0000,0.0000,0.0000,0.1035,1.6663,0,0,1,0.25,0,0,1,0
11.8958,nan,nan,nan,nan,38.1694,0.0000,0.3046,0.2712,nan,1.0000,0.0000,0.0000,0.0190,1.6658,0,0,1,0.25,0,0,1,0
11.9135,nan,nan,nan,nan,38.2906,0.0000,0.3046,0.2721,nan,1.0000,0.0000,0.0000,0.0194,1.6654,0,0,1,0.25,0,0,1,0
11.9310,nan,nan,nan,nan,38.3939,0.0000,0.3047,0.2727,nan,1.0000,0.0000,0.0000,0.0193,1.6651,0,0,1,0.25,0,0,1,0
11.9509,nan,nan,nan,nan,38.5012,0.0000,0.3047,0.2735,nan,1.0000,0.0000,0.0000,0.0205,1.6648,0,0,1,0.25,0,0,1,0
11.9688,nan,nan,nan,nan,38.6181,0.0000,0.3049,0.2743,nan,1.0000,0.0000,0.0000,0.0202,1.6647,0,0,1,0.25,0,0,1,0
11.9905,nan,nan,nan,nan,38.9047,0.0000,0.3051,0.2748,nan,1.0000,0.0000,0.0000,0.0389,1.6636,0,0,1,0.25,0,0,1,0
12.0105,nan,nan,nan,nan,39.0278,0.0000,0.3051,0.2750,nan,1.0000,0.0000,0.0000,0.0193,1.6637,0,0,1,0.25,0,0,1,0
12.0274,nan,nan,nan,nan,39.1889,0.0000,0.3051,0.2750,nan,1.0000,0.0000,0.0000,0.0196,1.6629,0,0,1,0.25,0,0,1,0
12.0473,nan,nan,nan,nan,39.3519,0.0000,0.3051,0.2750,nan,1.0000,0.0000,0.0000,0.0193,1.6627,0,0,1,0.25,0,0,1,0
12.0641,nan,nan,nan,nan,39.5121,0.0000,0.3053,0.2747,nan,1.0000,0.0000,0.0000,0.0192,1.6621,0,0,1,0.25,0,0,1,0
12.0851,nan,nan,nan,nan,39.6897,0.0000,0.3054,0.2752,nan,1.0000,0.0000,0.0000,0.0188,1.6614,0,0,1,0.25,0,0,1,0
12.1079,nan,nan,nan,nan,40.0563,0.0000,0.3054,0.2760,nan,1.0000,0.0000,0.0000,0.0371,1.6604,0,0,1,0.25,0,0,1,0
12.1265,nan,nan,nan,nan,40.2860,0.0000,0.3054,0.2757,nan,1.0000,0.0000,0.0000,0.0196,1.6594,0,0,1,0.25,0,0,1,0
12.1439,nan,nan,nan,nan,40.5099,0.0000,0.3054,0.2757,nan,1.0000,0.0000,0.0000,0.0207,1.6588,0,0,1,0.25,0,0,1,0
12.1644,nan,nan,nan,nan,40.7477,0.0000,0.3055,0.2756,nan,1.0000,0.0000,0.0000,0.0197,1.6583,0,0,1,0.25,0,0,1,0
12.1852,nan,nan,nan,nan,40.9978,0.0000,0.3055,0.2755,nan,1.0000,0.0000,0.0000,0.0197,1.6574,0,0,1,0.25,0,0,1,0
12.2019,nan,nan,nan,nan,41.2323,0.0000,0.3055,0.2755,nan,1.0000,0.0000,0.0000,0.0190,1.6566,0,0,1,0.25,0,0,1,0
12.2266,nan,nan,nan,nan,41.7349,0.0000,0.3055,0.2749,nan,1.0000,0.0000,0.0000,0.0384,1.6542,0,0,1,0.25,0,0,1,0
12.2442,nan,nan,nan,nan,41.9636,0.0000,0.3055,0.2751,nan,1.0000,0.0000,0.0000,0.0199,1.6532,0,0,1,0.25,0,0,1,0
12.2646,nan,nan,nan,nan,42.2038,0.0000,0.3056,0.2745,nan,1.0000,0.0000,0.0000,0.0198,1.6524,0,0,1,0.25,0,0,1,0
12.2885,nan,nan,nan,nan,42.4349,0.0000,0.3056,0.2747,nan,1.0000,0.0000,0.0000,0.0196,1.6518,0,0,1,0.25,0,0,1,0
12.3774,nan,nan,nan,nan,43.2762,0.0000,0.3057,0.2742,nan,1.0000,0.0000,0.0000,0.0983,1.6474,0,0,1,0.25,0,0,1,0
12.3938,nan,nan,nan,nan,43.3143,0.0000,0.3058,0.2745,nan,1.0000,0.0000,0.0000,0.0208,1.6475,0,0,1,0.25,0,0,1,0
12.4113,nan,nan,nan,nan,43.3457,0.0000,0.3057,0.2743,nan,1.0000,0.0000,0.0000,0.0187,1.6468,0,0,1,0.25,0,0,1,0
12.4302,nan,nan,nan,nan,43.3264,0.0000,0.3057,0.2738,nan,1.0000,0.0000,0.0000,0.0183,1.6469,0,0,1,0.25,0,0,1,0
12.4478,nan,nan,nan,nan,43.2800,0.0000,0.3058,0.2741,nan,1.0000,0.0000,0.0000,0.0187,1.6474,0,0,1,0.25,0,0,1,0
12.4673,nan,nan,nan,nan,43.2584,0.0000,0.3059,0.2739,nan,1.0000,0.0000,0.0000,0.0193,1.6478,0,0,1,0.25,0,0,1,0
12.4849,nan,nan,nan,nan,43.2348,0.0000,0.3059,0.2742,nan,1.0000,0.0000,0.0000,0.0196,1.6476,0,0,1,0.25,0,0,1,0
12.5016,nan,nan,nan,nan,43.2039,0.0000,0.3059,0.2738,nan,1.0000,0.0000,0.0000,0.0213,1.6482,0,0,1,0.25,0,0,1,0
12.5182,nan,nan,nan,nan,43.2054,0.0000,0.3060,0.2741,nan,1.0000,0.0000,0.0000,0.0223,1.6483,0,0,1,0.25,0,0,1,0
12.5349,nan,nan,nan,nan,43.1925,0.0000,0.3061,0.2737,nan,1.0000,0.0000,0.0000,0.0201,1.6485,0,0,1,0.25,0,0,1,0
12.5582,nan,nan,nan,nan,43.2271,0.0000,0.3063,0.2762,nan,1.0000,0.0000,0.0000,0.0384,1.6487,0,0,1,0.25,0,0,1,0
12.5775,nan,nan,nan,nan,43.2617,0.0000,0.3066,0.2781,nan,1.0000,0.0000,0.0000,0.0227,1.6496,0,0,1,0.25,0,0,1,0
12.5976,nan,nan,nan,nan,43.3160,0.0000,0.3069,0.2796,nan,1.0000,0.0000,0.0000,0.0211,1.6490,0,0,1,0.25,0,0,1,0
12.6187,nan,nan,nan,nan,43.3604,0.0000,0.3073,0.2820,nan,1.0000,0.0000,0.0000,0.0209,1.6486,0,0,1,0.25,0,0,1,0
12.6402,nan,nan,nan,nan,43.3835,0.0000,0.3070,0.2796,nan,1.0000,0.0000,0.0000,0.0413,1.6500,0,0,1,0.25,0,0,1,0
12.6605,nan,nan,nan,nan,43.3965,0.0000,0.3066,0.2771,nan,1.0000,0.0000,0.0000,0.0221,1.6496,0,0,1,0.25,0,0,1,0
12.6809,nan,nan,nan,nan,43.3785,0.0000,0.3059,0.2731,nan,1.0000,0.0000,0.0000,0.0234,1.6493,0,0,1,0.25,0,0,1,0
12.6976,nan,nan,nan,nan,43.3817,0.0000,0.3056,0.2711,nan,1.0000,0.0000,0.0000,0.0231,1.6487,0,0,1,0.25,0,0,1,0
12.7171,nan,nan,nan,nan,43.3588,0.0000,0.3053,0.2699,nan,1.0000,0.0000,0.0000,0.0243,1.6477,0,0,1,0.25,0,0,1,0
12.7353,nan,nan,nan,nan,43.4175,0.0000,0.3050,0.2694,nan,1.0000,0.0000,0.0000,0.0256,1.6458,0,0,1,0.25,0,0,1,0
12.7580,nan,nan,nan,nan,43.6080,0.0000,0.3045,0.2685,nan,1.0000,0.0000,0.0000,0.0448,1.6423,0,0,1,0.25,0,0,1,0
12.7771,nan,nan,nan,nan,43.6763,0.0000,0.3043,0.2681,nan,1.0000,0.0000,0.0000,0.0245,1.6405,0,0,1,0.25,0,0,1,1
12.7943,nan,nan,nan,nan,43.7664,0.0000,0.3040,0.2675,nan,1.0000,0.0000,0.0000,0.0266,1.6382,0,0,1,0.25,0,0,1,1
12.8917,nan,nan,nan,nan,43.8802,0.0000,0.3023,0.2690,nan,1.0000,0.0000,0.0000,0.1369,1.6262,0,0,1,0.25,0,0,1,1
12.9110,nan,nan,nan,nan,43.7932,0.0000,0.3020,0.2695,nan,1.0000,0.0000,0.0000,0.0261,1.6255,0,0,1,0.25,0,0,1,0
12.9315,nan,nan,nan,nan,43.6238,0.0000,0.3017,0.2703,nan,1.0000,0.0000,0.0000,0.0261,1.6252,0,0,1,0.25,0,0,1,0
12.9511,nan,nan,nan,nan,43.4444,0.0000,0.3015,0.2713,nan,1.0000,0.0000,0.0000,0.0269,1.6248,0,0,1,0.25,0,0,1,0
12.9678,nan,nan,nan,nan,7.0757,0.5358,0.1994,0.2229,nan,2.0000,0.0000,0.0000,1.4886,1.4728,0,0,1,0.25,0,0,1,0
12.9867,nan,nan,nan,nan,6.9865,0.5416,0.2070,0.2303,nan,2.0000,0.0000,0.0000,0.1995,1.4467,0,0,1,0.25,0,0,1,0
13.0065,nan,nan,nan,nan,7.5715,0.5032,0.2171,0.2374,nan,2.0000,0.0000,0.0000,0.1216,1.5077,0,0,1,0.25,0,0,1,0
13.0270,nan,nan,nan,nan,7.9730,0.4769,0.2317,0.2545,nan,2.0000,0.0000,0.0000,0.1467,1.5621,0,0,1,0.25,0,0,1,0
13.0479,nan,nan,nan,nan,8.1993,0.4621,0.2392,0.2628,nan,2.0000,0.0000,0.0000,0.0825,1.5707,0,0,1,0.25,0,0,1,0
13.0701,nan,nan,nan,nan,8.5716,0.4376,0.2463,0.2701,nan,2.0000,0.0000,0.0000,0.0857,1.5780,0,0,1,0.25,0,0,1,0
13.0897,nan,nan,nan,nan,8.8973,0.4163,0.2537,0.2781,nan,2.0000,0.0000,0.0000,0.0799,1.5842,0,0,1,0.25,0,0,1,0
13.1115,nan,nan,nan,nan,9.7002,0.3636,0.2650,0.2896,nan,2.0000,0.0000,0.0000,0.1366,1.6009,0,0,1,0.25,0,0,1,0
13.1373,nan,nan,nan,nan,10.2245,0.3292,0.2712,0.2955,nan,2.0000,0.0000,0.0000,0.0763,1.6124,0,0,1,0.25,0,0,1,0
13.1568,nan,nan,nan,nan,10.6583,0.3007,0.2763,0.3001,nan,2.0000,0.0000,0.0000,0.0705,1.6237,0,0,1,0.25,0,0,1,0
13.1783,nan,nan,nan,nan,11.6251,0.2373,0.2844,0.3068,nan,2.0000,0.0000,0.0000,0.1248,1.6417,0,0,1,0.25,0,0,1,0
13.1998,nan,nan,nan,nan,12.0845,0.2072,0.2882,0.3099,nan,2.0000,0.0000,0.0000,0.0648,1.6502,0,0,1,0.25,0,0,1,0
13.2191,nan,nan,nan,nan,12.7094,0.1662,0.2917,0.3122,nan,2.0000,0.0000,0.0000,0.0691,1.6584,0,0,1,0.25,0,0,1,0
13.2409,nan,nan,nan,nan,13.2575,0.1302,0.2946,0.3139,nan,2.0000,0.0000,0.0000,0.0656,1.6650,0,0,1,0.25,0,0,1,0
13.2607,nan,nan,nan,nan,14.1170,0.0738,0.2998,0.3173,nan,2.0000,0.0000,0.0000,0.1196,1.6743,0,0,1,0.25,0,0,1,0
13.2832,nan,nan,nan,nan,14.6229,0.0406,0.3022,0.3186,nan,2.0000,0.0000,0.0000,0.0649,1.6775,0,0,1,0.25,0,0,1,0
13.3019,nan,nan,nan,nan,14.9832,0.0170,0.3043,0.3197,nan,2.0000,0.0000,0.0000,0.0634,1.6816,0,0,1,0.25,0,0,1,0
13.3942,nan,nan,nan,nan,15.8674,0.0000,0.3128,0.3235,nan,2.0000,0.0000,0.0000,0.3387,1.6841,0,0,1,0.25,0,0,1,0
13.4159,nan,nan,nan,nan,15.8392,0.0000,0.3136,0.3236,nan,2.0000,0.0000,0.0000,0.0647,1.6807,0,0,1,0.25,0,0,1,0
13.4351,nan,nan,nan,nan,15.7381,0.0000,0.3146,0.3241,nan,2.0000,0.0000,0.0000,0.0652,1.6766,0,0,1,0.25,0,0,1,0
13.4563,nan,nan,nan,nan,15.1579,0.0055,0.3145,0.3238,nan,2.0000,0.0000,0.0000,0.0670,1.6733,0,0,1,0.25,0,0,1,0
13.4777,nan,nan,nan,nan,13.9613,0.0840,0.3143,0.3233,nan,2.0000,0.0000,0.0000,0.1295,1.6665,0,0,1,0.25,0,0,1,0
13.4970,nan,nan,nan,nan,13.3469,0.1243,0.3142,0.3232,nan,2.0000,0.0000,0.0000,0.0713,1.6628,0,0,1,0.25,0,0,1,0
13.5165,nan,nan,nan,nan,12.7618,0.1627,0.3141,0.3230,nan,2.0000,0.0000,0.0000,0.0719,1.6583,0,0,1,0.25,0,0,1,0
13.5354,nan,nan,nan,nan,12.1924,0.2001,0.3141,0.3228,nan,2.0000,0.0000,0.0000,0.0729,1.6541,0,0,1,0.25,0,0,1,0
13.5567,nan,nan,nan,nan,11.5234,0.2440,0.3138,0.3223,nan,2.0000,0.0000,0.0000,0.0751,1.6495,0,0,1,0.25,0,0,1,0
13.5780,224.0000,nan,nan,nan,10.6806,0.2993,0.3139,0.3224,nan,2.0000,0.0000,0.0000,0.1450,1.6408,0,0,1,0.25,0,0,1,0
13.6003,225.0000,13.0000,73.0000,nan,10.2258,0.3291,0.3140,0.3222,nan,2.0000,0.0000,0.0000,0.0774,1.6369,0,0,1,0.25,0,0,1,0
13.6198,225.0000,13.0000,nan,nan,9.7765,0.3586,0.3142,0.3225,nan,2.0000,0.0000,0.0000,0.0776,1.6330,0,0,1,0.25,0,0,1,0
13.6402,226.0000,13.0000,72.0000,nan,9.4562,0.3796,0.3142,0.3225,nan,2.0000,0.0000,0.0000,0.0767,1.6287,0,0,1,0.25,0,0,1,0
13.6614,228.0000,13.0000,72.0000,nan,8.6619,0.4317,0.3146,0.3228,nan,2.0000,0.0000,0.0000,0.1502,1.6149,0,0,1,0.25,0,0,1,0
13.6830,229.0000,13.0000,72.0000,nan,8.2886,0.4562,0.3146,0.3227,nan,2.0000,0.0000,0.0000,0.0785,1.6093,0,0,1,0.25,0,0,1,0
13.7012,229.0000,13.0000,72.0000,nan,7.9633,0.4775,0.3147,0.3226,nan,2.0000,0.0000,0.0000,0.0775,1.5986,0,0,1,0.25,0,0,1,0
13.7178,230.0000,13.0000,72.0000,nan,7.6095,0.5008,0.3148,0.3227,nan,2.0000,0.0000,0.0000,0.0797,1.5554,0,0,1,0.25,0,0,1,0
13.7348,231.0000,13.0000,72.0000,nan,7.2930,0.5215,0.3149,0.3225,nan,2.0000,0.0000,0.0000,0.0746,1.5190,0,0,1,0.25,0,0,1,0
13.7516,232.0000,13.0000,72.0000,nan,7.1131,0.5333,0.3151,0.3227,nan,2.0000,0.0000,0.0000,0.0683,1.4989,0,0,1,0.25,0,0,1,0
13.7679,232.0000,13.0000,72.0000,nan,6.7514,0.5570,0.3153,0.3226,nan,2.0000,0.0000,0.0000,0.0681,1.4587,0,0,1,0.25,0,0,1,0
13.7852,233.0000,13.0000,72.0000,nan,6.5012,0.5735,0.3155,0.3229,nan,2.0000,0.0000,0.0000,0.0609,1.4341,0,0,1,0.25,0,0,1,0
13.8014,234.0000,13.0000,72.0000,nan,6.4202,0.5788,0.3159,0.3233,nan,2.0000,0.0000,0.0000,0.0561,1.4275,0,0,1,0.25,0,0,1,0
13.8231,234.0000,13.0000,72.0000,nan,6.2291,0.5913,0.3160,0.3232,nan,2.0000,0.0000,0.0000,0.0561,1.4092,0,0,1,0.25,0,0,1,0
13.9171,238.0000,13.0000,71.0000,nan,5.0148,0.6710,0.3179,0.3251,nan,2.0000,0.0000,0.0000,0.2793,1.3003,0,0,1,0.25,0,0,1,0
13.9351,238.0000,12.9000,71.0000,nan,4.7583,0.6878,0.3177,0.3248,nan,2.0000,0.0000,0.0000,0.0480,1.2787,0,0,1,0.25,0,0,1,0
13.9560,239.0000,12.9000,71.0000,nan,4.5492,0.7015,0.3180,0.3256,nan,2.0000,0.0000,0.0000,0.0440,1.2614,0,0,1,0.25,0,0,1,0
13.9777,239.0000,12.9000,71.0000,nan,4.1837,0.7255,0.3187,0.3259,nan,2.0000,0.0000,0.0000,0.0779,1.2323,0,0,1,0.25,0,0,1,0
13.9988,240.0000,12.9000,71.0000,nan,3.9625,0.7400,0.3185,0.3258,nan,2.0000,0.0000,0.0000,0.0400,1.2146,0,0,1,0.25,0,0,1,1
14.0183,240.0000,12.9000,71.0000,nan,3.7684,0.7528,0.3189,0.3262,nan,2.0000,0.0000,0.0000,0.0376,1.1996,0,0,1,0.25,0,0,1,1
14.0389,241.0000,12.9000,70.0000,nan,3.5895,0.7645,0.3192,0.3264,nan,2.0000,0.0000,0.0000,0.0353,1.1861,0,0,1,0.25,0,0,1,1
14.0562,241.0000,12.9000,70.0000,nan,3.3570,0.7798,0.3192,0.3266,nan,2.0000,0.0000,0.0000,0.0380,1.1715,0,0,1,0.25,0,0,1,1
14.0777,242.0000,12.9000,70.0000,nan,2.9694,0.8052,0.3200,0.3270,nan,2.0000,0.0000,0.0000,0.0661,1.1476,0,0,1,0.25,0,0,1,1
14.0997,242.0000,1.2000,70.0000,nan,2.8078,0.8158,0.3202,0.3274,nan,2.0000,0.0000,0.0000,0.0293,1.1376,0,0,1,0.25,0,0,1,1
14.1175,242.0000,1.2000,70.0000,nan,2.6250,0.8278,0.3204,0.3276,nan,2.0000,0.0000,0.0000,0.0299,1.1259,0,0,1,0.25,0,0,1,0
14.1346,243.0000,nan,70.0000,nan,2.4909,0.8366,0.3212,0.3282,nan,2.0000,0.0000,0.0000,0.0257,1.1177,0,0,1,0.25,0,0,1,0
14.1517,243.0000,nan,70.0000,nan,2.3005,0.8491,0.3212,0.3281,nan,2.0000,0.0000,0.0000,0.0280,1.1044,0,0,1,0.25,0,0,1,0
14.1679,nan,nan,nan,nan,4.3699,0.7133,0.3183,0.3246,nan,0.0000,0.0000,0.0000,0.7154,1.4211,0,0,1,0.25,0,0,1,0
14.1847,nan,nan,nan,nan,7.3395,0.5185,0.3185,0.3245,nan,0.0000,0.0000,0.0000,0.3768,1.7050,0,0,1,0.25,0,0,1,0
14.2073,nan,nan,nan,nan,10.6079,0.3040,0.3187,0.3246,nan,0.0000,0.0000,0.0000,0.1194,1.7412,0,0,1,0.25,0,0,1,0
14.2280,nan,nan,nan,nan,17.5368,0.0000,0.3174,0.3245,nan,0.0000,0.0000,0.0000,0.1514,1.7090,0,0,1,0.25,0,0,1,0
14.2485,nan,nan,nan,nan,19.6763,0.0000,0.3146,0.3232,nan,0.0000,0.0000,0.0000,0.0563,1.7043,0,0,1,0.25,0,0,1,0
14.2682,nan,nan,nan,nan,19.9038,0.0000,0.3095,0.3203,nan,0.0000,0.0000,0.0000,0.0533,1.7027,0,0,1,0.25,0,0,1,0
14.2857,nan,nan,nan,nan,20.2381,0.0000,0.3053,0.3181,nan,0.0000,0.0000,0.0000,0.0557,1.7025,0,0,1,0.25,0,0,1,0
14.3082,nan,nan,nan,nan,20.4997,0.0000,0.3011,0.3157,nan,0.0000,0.0000,0.0000,0.0552,1.7033,0,0,1,0.25,0,0,1,0
14.3277,nan,nan,nan,nan,21.0999,0.0000,0.2940,0.3121,nan,0.0000,0.0000,0.0000,0.1002,1.7016,0,0,1,0.25,0,0,1,0
14.4193,nan,nan,nan,nan,23.5768,0.0000,0.2834,0.3076,nan,0.0000,0.0000,0.0000,0.2405,1.6891,0,0,1,0.25,0,0,1,0
14.4420,nan,nan,nan,nan,24.0005,0.0000,0.2817,0.3071,nan,0.0000,0.0000,0.0000,0.0600,1.6842,0,0,1,0.25,0,0,1,0
14.4603,nan,nan,nan,nan,24.7025,0.0000,0.2792,0.3062,nan,0.0000,0.0000,0.0000,0.1117,1.6716,0,0,1,0.25,0,0,1,0
14.4815,nan,nan,nan,nan,25.2571,0.0000,0.2790,0.3067,nan,0.0000,0.0000,0.0000,0.0615,1.6649,0,0,1,0.25,0,0,1,0
14.5022,nan,nan,nan,nan,25.7310,0.0000,0.2797,0.3084,nan,0.0000,0.0000,0.0000,0.0622,1.6573,0,0,1,0.25,0,0,1,0
14.5250,nan,nan,nan,nan,26.0281,0.0000,0.2793,0.3086,nan,0.0000,0.0000,0.0000,0.0629,1.6491,0,0,1,0.25,0,0,1,0
14.5441,nan,nan,nan,nan,26.7947,0.0000,0.2783,0.3093,nan,0.0000,0.0000,0.0000,0.1182,1.6269,0,0,1,0.25,0,0,1,0
14.5652,nan,nan,nan,nan,27.2375,0.0000,0.2785,0.3103,nan,0.0000,0.0000,0.0000,0.0619,1.6159,0,0,1,0.25,0,0,1,0
14.5841,nan,nan,nan,nan,26.5741,0.0000,0.2780,0.3103,nan,0.0000,0.0000,0.0000,0.0616,1.6076,0,0,1,0.25,0,0,1,0
14.6010,nan,nan,nan,nan,25.2767,0.0000,0.2762,0.3093,nan,0.0000,0.0000,0.0000,0.0647,1.6026,0,0,1,0.25,0,0,1,0
14.6185,nan,nan,nan,nan,24.8908,0.0000,0.2759,0.3099,nan,0.0000,0.0000,0.0000,0.0753,1.5913,0,0,1,0.25,0,0,1,0
14.6425,nan,nan,nan,nan,25.5584,0.0000,0.2776,0.3119,nan,0.0000,0.0000,0.0000,0.0779,1.5726,0,0,1,0.25,0,0,1,0
14.6613,nan,nan,nan,nan,26.6722,0.0000,0.2799,0.3148,nan,0.0000,0.0000,0.0000,0.1310,1.5346,0,0,1,0.25,0,0,1,0
14.6818,nan,nan,nan,nan,27.1588,0.0000,0.2807,0.3158,nan,0.0000,0.0000,0.0000,0.0635,1.5154,0,0,1,0.25,0,0,1,0
14.7022,nan,nan,nan,nan,28.7698,0.0000,0.2837,0.3184,nan,0.0000,0.0000,0.0000,0.0660,1.4907,0,0,1,0.25,0,0,1,0
14.7220,nan,nan,nan,nan,29.6621,0.0000,0.2850,0.3194,nan,0.0000,0.0000,0.0000,0.0559,1.4713,0,0,1,0.25,0,0,1,0
14.7419,nan,nan,nan,nan,29.4852,0.0000,0.2847,0.3196,nan,0.0000,0.0000,0.0000,0.0611,1.4543,0,0,1,0.25,0,0,1,0
14.7627,nan,nan,nan,nan,29.0775,0.0000,0.2847,0.3195,nan,0.0000,0.0000,0.0000,0.1152,1.4237,0,0,1,0.25,0,0,1,0
14.7817,nan,nan,nan,nan,27.9937,0.0000,0.2838,0.3187,nan,0.0000,0.0000,0.0000,0.0592,1.4171,0,0,1,0.25,0,0,1,0
14.8018,nan,nan,nan,nan,25.9813,0.0000,0.2805,0.3159,nan,0.0000,0.0000,0.0000,0.0656,1.4169,0,0,1,0.25,0,0,1,0
14.8239,nan,nan,nan,nan,23.6485,0.0000,0.2770,0.3131,nan,0.0000,0.0000,0.0000,0.0695,1.4213,0,0,1,0.25,0,0,1,0
14.8458,nan,nan,nan,nan,17.0997,0.0000,0.2594,0.2987,nan,0.0000,0.0000,0.0000,0.1821,1.4516,0,0,1,0.25,0,0,1,0
14.9361,nan,nan,nan,nan,5.3314,0.6502,0.1661,0.1176,nan,1.0000,0.0000,0.0000,0.7271,1.3623,0,0,1,0.25,0,0,1,0
14.9598,nan,nan,nan,nan,5.2348,0.6566,0.1641,0.1082,nan,1.0000,0.0000,0.0000,0.0459,1.3569,0,0,1,0.25,0,0,1,0
14.9812,nan,nan,nan,nan,5.9446,0.6100,0.2577,0.3417,nan,1.0000,0.0000,0.0000,0.1586,1.4448,0,0,1,0.25,0,0,1,0
15.0019,nan,nan,nan,nan,6.1562,0.5961,0.2836,0.3936,nan,1.0000,0.0000,0.0000,0.0757,1.4734,0,0,1,0.25,0,0,1,0
15.0243,nan,nan,nan,nan,6.3382,0.5842,0.3040,0.4311,nan,1.0000,0.0000,0.0000,0.0759,1.4988,0,0,0,0,0,0,0,0
15.0439,nan,nan,nan,nan,5.8377,0.6170,0.2723,0.3793,nan,1.0000,0.0000,0.0000,0.1413,1.4429,0,0,0,0,0,0,0,0
15.0641,nan,nan,nan,nan,5.4724,0.6410,0.2368,0.3084,nan,1.0000,0.0000,0.0000,0.0944,1.3979,0,0,0,0,0,0,0,0
15.0816,nan,nan,nan,nan,4.9245,0.6769,0.1682,0.1213,nan,1.0000,0.0000,0.0000,0.1245,1.3459,0,0,0,0,0,0,0,0
15.1013,nan,nan,nan,nan,4.8724,0.6803,0.1638,0.1076,nan,1.0000,0.0000,0.0000,0.0693,1.3393,0,0,0,0,0,0,0,0
15.1179,nan,nan,nan,nan,4.8549,0.6815,0.1620,0.1043,nan,1.0000,0.0000,0.0000,0.0717,1.3354,0,0,0,0,0,0,0,0
15.1386,nan,nan,nan,nan,4.7979,0.6852,0.1627,0.1024,nan,1.0000,0.0000,0.0000,0.0759,1.3309,0,0,0,0,0,0,0,0
15.1578,nan,nan,nan,nan,4.8155,0.6841,0.1623,0.1025,nan,1.0000,0.0000,0.0000,0.0781,1.3314,0,0,0,0,0,0,0,0
15.1774,nan,nan,nan,nan,4.8010,0.6850,0.1625,0.1017,nan,1.0000,0.0000,0.0000,0.1392,1.3267,0,0,0,0,0,0,0,0
15.1971,nan,nan,nan,nan,4.7710,0.6870,0.1620,0.1002,nan,1.0000,0.0000,0.0000,0.0920,1.3200,0,0,0,0,0,0,0,0
15.2167,nan,nan,nan,nan,4.7373,0.6892,0.1616,0.0962,nan,1.0000,0.0000,0.0000,0.0861,1.3155,0,0,0,0,0,0,0,0
15.2348,nan,nan,nan,nan,4.7309,0.6896,0.1613,0.0922,nan,1.0000,0.0000,0.0000,0.0816,1.3117,0,0,0,0,0,0,0,0
15.2571,nan,nan,nan,nan,4.6989,0.6917,0.1610,0.0894,nan,1.0000,0.0000,0.0000,0.0781,1.3071,0,0,0,0,0,0,0,0
15.2773,nan,nan,nan,nan,4.6778,0.6931,0.1604,0.0861,nan,1.0000,0.0000,0.0000,0.1140,1.2990,0,0,0,0,0,0,0,0
15.2976,nan,nan,nan,nan,4.6669,0.6938,0.1603,0.0859,nan,1.0000,0.0000,0.0000,0.0597,1.2974,0,0,0,0,0,0,0,0
15.3174,nan,nan,nan,nan,4.6603,0.6942,0.1603,0.0855,nan,1.0000,0.0000,0.0000,0.0550,1.2922,0,0,0,0,0,0,0,0
15.3345,nan,nan,nan,nan,4.6590,0.6943,0.1600,0.0854,nan,1.0000,0.0000,0.0000,0.0497,1.2902,0,0,0,0,0,0,0,0
15.3512,nan,nan,nan,nan,4.6477,0.6951,0.1600,0.0869,nan,1.0000,0.0000,0.0000,0.0434,1.2892,0,0,0,0,0,0,0,0
15.4405,nan,nan,nan,nan,4.5543,0.7012,0.1601,0.0856,nan,1.0000,0.0000,1.0000,0.0518,1.2815,0,0,0,0,0,0,0,0
15.4605,nan,nan,nan,nan,4.5678,0.7003,0.1604,0.0869,nan,1.0000,0.0000,1.0000,0.0256,1.2812,0,0,0,0,0,0,0,0
15.4808,nan,nan,nan,nan,4.5799,0.6995,0.1606,nan,nan,1.0000,0.0000,1.0000,0.0250,1.2822,0,0,0,0,0,0,0,0
15.4974,nan,nan,nan,nan,4.5745,0.6999,0.1607,nan,nan,1.0000,0.0000,1.0000,0.0262,1.2835,0,0,0,0,0,0,0,0
15.5178,nan,nan,nan,nan,4.5428,0.7020,0.1602,nan,nan,1.0000,0.0000,1.0000,0.0228,1.2796,0,0,0,0,0,0,0,0
15.5345,nan,nan,nan,nan,4.5378,0.7023,0.1603,nan,nan,1.0000,0.0000,1.0000,0.0191,1.2793,0,0,0,0,0,0,0,0
15.5576,nan,nan,nan,nan,4.5275,0.7030,0.1604,nan,nan,1.0000,0.0000,1.0000,0.0182,1.2752,0,0,0,0,0,0,0,0
15.5774,nan,nan,nan,nan,4.5242,0.7032,0.1608,0.0892,nan,1.0000,0.0000,1.0000,0.0225,1.2787,0,0,0,0,0,0,0,0
15.5980,nan,nan,nan,nan,4.5391,0.7022,0.1611,0.0864,nan,1.0000,0.0000,1.0000,0.0249,1.2829,0,0,0,0,0,0,0,0
15.6175,nan,nan,nan,nan,4.5271,0.7030,0.1610,0.0865,nan,1.0000,0.0000,1.0000,0.0277,1.2805,0,0,0,0,0,0,0,0
15.6343,nan,nan,nan,nan,4.5079,0.7042,0.1608,nan,nan,1.0000,0.0000,1.0000,0.0256,1.2777,0,0,0,0,0,0,0,0
15.6503,nan,nan,nan,nan,4.5254,0.7031,0.1604,0.0839,nan,1.0000,0.0000,1.0000,0.0268,1.2749,0,0,0,0,0,0,0,0
15.6667,nan,nan,nan,nan,4.5276,0.7030,0.1612,0.0892,nan,1.0000,0.0000,1.0000,0.0295,1.2796,0,0,0,0,0,0,0,0
15.6844,nan,nan,nan,nan,4.5254,0.7031,0.1615,0.0964,nan,1.0000,0.0000,1.0000,0.0311,1.2798,0,0,0,0,0,0,0,0
15.7007,nan,nan,nan,nan,4.5126,0.7039,0.1613,0.0984,nan,1.0000,0.0000,1.0000,0.0319,1.2786,0,0,0,0,0,0,0,0
15.7177,nan,nan,nan,nan,4.5001,0.7048,0.1612,0.0945,nan,1.0000,0.0000,1.0000,0.0316,1.2775,0,0,0,0,0,0,0,0
15.7341,nan,nan,nan,nan,4.4761,0.7063,0.1609,0.0912,nan,1.0000,0.0000,1.0000,0.0284,1.2775,0,0,0,0,0,0,0,0
15.7516,nan,nan,nan,nan,4.4682,0.7068,0.1608,0.0883,nan,1.0000,0.0000,1.0000,0.0266,1.2772,0,0,0,0,0,0,0,0
15.7687,nan,nan,nan,nan,4.4655,0.7070,0.1608,0.0867,nan,1.0000,0.0000,1.0000,0.0262,1.2763,0,0,0,0,0,0,0,0
15.7890,nan,nan,nan,nan,4.4614,0.7073,0.1607,0.0846,nan,1.0000,0.0000,1.0000,0.0257,1.2742,0,0,0,0,0,0,0,0
15.8101,nan,nan,nan,nan,4.4458,0.7083,0.1611,nan,nan,1.0000,0.0000,1.0000,0.0293,1.2740,0,0,0,0,0,0,0,0
15.8310,nan,nan,nan,nan,4.4417,0.7086,0.1610,nan,nan,1.0000,0.0000,1.0000,0.0271,1.2719,0,0,0,0,0,0,0,0
15.8485,nan,nan,nan,nan,4.4447,0.7084,0.1609,0.0854,nan,1.0000,0.0000,1.0000,0.0274,1.2695,0,0,0,0,0,0,0,0
15.8678,nan,nan,nan,nan,4.4283,0.7095,0.1607,0.0847,nan,1.0000,0.0000,1.0000,0.0265,1.2688,0,0,0,0,0,0,0,0
15.9590,nan,nan,nan,nan,4.4163,0.7103,0.1610,0.0899,nan,1.0000,0.0000,1.0000,0.0319,1.2695,0,0,0,0,0,0,0,0
15.9771,nan,nan,nan,nan,4.4007,0.7113,0.1607,0.0892,nan,1.0000,0.0000,1.0000,0.0296,1.2687,0,0,0,0,0,0,0,0
15.9975,nan,nan,nan,nan,4.4174,0.7102,0.1609,0.0862,nan,1.0000,0.0000,1.0000,0.0282,1.2677,0,0,0,0,0,0,0,0
16.0178,nan,nan,nan,nan,4.4331,0.7091,0.1610,0.0869,nan,1.0000,0.0000,1.0000,0.0328,1.2668,0,0,0,0,0,0,0,0
16.0343,nan,nan,nan,nan,4.4484,0.7081,0.1609,0.0903,nan,1.0000,0.0000,1.0000,0.0374,1.2699,0,0,0,0,0,0,0,0
16.0571,nan,nan,nan,nan,4.4168,0.7102,0.1606,0.0885,nan,1.0000,0.0000,1.0000,0.0366,1.2690,0,0,0,0,0,0,0,0
16.0781,nan,nan,nan,nan,4.3687,0.7134,0.1605,nan,nan,1.0000,0.0000,1.0000,0.0320,1.2641,0,0,0,0,0,0,0,0
16.0971,nan,nan,nan,nan,4.3842,0.7124,0.1608,0.0914,nan,1.0000,0.0000,1.0000,0.0265,1.2667,0,0,0,0,0,0,0,0
16.1137,nan,nan,nan,nan,4.3702,0.7133,0.1608,0.0891,nan,1.0000,0.0000,1.0000,0.0287,1.2638,0,0,0,0,0,0,0,0
16.1341,nan,nan,nan,nan,4.3683,0.7134,0.1608,0.0874,nan,1.0000,0.0000,1.0000,0.0275,1.2627,0,0,0,0,0,0,0,0
16.1507,nan,nan,nan,nan,4.3677,0.7134,0.1617,0.0909,nan,1.0000,0.0000,1.0000,0.0284,1.2630,0,0,0,0,0,0,0,0
16.1673,nan,nan,nan,nan,4.9104,0.6778,0.2387,0.2658,nan,1.0000,0.0000,1.0000,0.0942,1.2939,0,0,0,0,0,0,0,0
16.1844,nan,nan,nan,nan,5.2344,0.6566,0.2777,0.3340,nan,1.0000,0.0000,1.0000,0.0664,1.3250,0,0,0,0,0,0,0,0
16.2008,nan,nan,nan,nan,5.5234,0.6376,0.3074,0.3785,nan,1.0000,0.0000,1.0000,0.0620,1.3545,0,0,0,0,0,0,0,0
16.2179,nan,nan,nan,nan,5.7486,0.6228,0.3276,0.4071,nan,1.0000,0.0000,1.0000,0.0543,1.3794,0,0,0,0,0,0,0,0
16.2340,nan,nan,nan,nan,5.5555,0.6355,0.3136,0.3891,nan,1.0000,0.0000,1.0000,0.0457,1.3610,0,0,0,0,0,0,0,0
16.2576,nan,nan,nan,nan,5.2713,0.6542,0.2862,0.3464,nan,1.0000,0.0000,1.0000,0.0571,1.3306,0,0,0,0,0,0,0,0
16.2777,nan,nan,nan,nan,4.3305,0.7159,0.1641,nan,nan,1.0000,0.0000,1.0000,0.1458,1.2577,0,0,0,0,0,0,0,0
16.2972,nan,nan,nan,nan,4.3149,0.7169,0.1624,nan,nan,1.0000,0.0000,1.0000,0.0292,1.2598,0,0,0,0,0,0,0,0
16.3143,nan,nan,nan,nan,4.2946,0.7182,0.1618,nan,nan,1.0000,0.0000,1.0000,0.0262,1.2567,0,0,0,0,0,0,0,0
16.3312,nan,nan,nan,nan,4.2697,0.7199,0.1616,nan,nan,1.0000,0.0000,1.0000,0.0208,1.2576,0,0,0,0,0,0,0,0
16.3505,nan,nan,nan,nan,4.2580,0.7206,0.1615,nan,nan,1.0000,0.0000,1.0000,0.0175,1.2574,0,0,0,0,0,0,0,0
16.3678,nan,nan,nan,nan,4.2540,0.7209,0.1613,nan,nan,1.0000,0.0000,1.0000,0.0166,1.2568,0,0,0,0,0,0,0,0
16.4518,nan,nan,nan,nan,4.2329,0.7223,0.1605,nan,nan,1.0000,0.0000,1.0000,0.0184,1.2548,0,0,0,0,0,0,0,0
16.4770,nan,nan,nan,nan,4.2386,0.7219,0.1607,nan,nan,1.0000,0.0000,1.0000,0.0135,1.2539,0,0,0,0,0,0,0,0
16.4995,nan,nan,nan,nan,4.2537,0.7209,0.1608,nan,nan,1.0000,0.0000,1.0000,0.0165,1.2536,0,0,0,0,0,0,0,0
16.5178,nan,nan,nan,nan,4.2545,0.7209,0.1608,nan,nan,1.0000,0.0000,1.0000,0.0155,1.2542,0,0,0,0,0,0,0,0
