t,strafe_lat,strafe_long,strafe_vert,roll,pitch,yaw,boost,view
0.0224,0.0,0.0,0.0,0.0,0.0,0.0,0,0
0.1217,0.0,0.0,0.0,0.0,0.0,0.0,0,0
0.1425,0.0,0.0,0.0,0.0,0.0,0.0,0,0
0.1635,0.0,0.0,0.0,0.0,0.0,0.0,0,0
0.1838,0.0,0.0,0.0,0.0,0.0,0.0,0,0
0.2050,0.0,0.0,0.0,0.0,0.0,0.0,0,0
0.2262,0.0,0.0,0.0,0.0,0.0,0.0,0,0
0.2488,0.0,0.0,0.0,0.0,0.0,0.0,0,0
0.2700,0.0,0.0,0.0,0.0,0.0,0.0,0,0
0.2889,0.0,0.0,0.0,0.0,0.0,0.0,0,0
0.3085,0.0,0.0,0.0,0.0,0.0,0.0,0,0
0.3316,0.0,0.0,0.0,0.0,0.0,0.0,0,0
0.3524,0.0,0.0,0.0,0.0,0.0,0.0,0,0
0.3717,0.0,0.0,0.0,0.0,0.0,0.0,0,0
0.3927,0.0,0.0,0.0,0.0,0.0,0.0,0,0
0.4152,0.0,0.0,0.0,0.0,0.0,0.0,0,0
0.4344,0.0,0.0,0.0,0.0,0.0,0.0,0,0
0.4552,0.0,0.0,0.0,0.0,0.0,0.0,0,0
0.4719,0.0,0.0,0.0,0.0,0.0,0.0,0,0
0.4895,0.0,0.0,0.0,0.0,0.0,0.0,0,0
0.5061,0.0,0.0,0.0,0.0,0.0,0.0,0,0
0.5251,0.0,0.0,0.0,0.0,0.0,0.0,0,0
0.6265,0.0,0.0,0.0,0.0,0.0,0.0,0,0
0.6482,0.0,0.0,0.0,0.0,0.0,0.0,0,0
0.6701,0.0,0.0,0.0,0.0,0.0,0.0,0,0
0.6883,0.0,0.0,0.0,0.0,0.0,0.0,0,0
0.7088,0.0,0.0,0.0,0.0,0.0,0.0,0,0
0.7258,0.0,0.0,0.0,0.0,0.0,0.0,0,0
0.7468,0.0,0.0,0.0,0.0,0.0,0.0,0,0
0.7686,0.0,0.0,0.0,0.0,0.0,0.0,0,0
0.7878,0.0,0.0,0.0,0.0,0.0,0.0,0,0
0.8086,0.0,0.0,0.0,0.0,0.0,0.0,0,0
0.8255,0.0,0.0,0.0,0.0,0.0,0.0,0,0
0.8485,0.0,0.0,0.0,0.0,0.0,0.0,0,0
0.8684,0.0,0.0,0.0,0.0,0.0,0.0,0,0
0.8883,0.0,0.0,0.0,0.0,0.0,0.0,0,0
0.9058,0.0,0.0,0.0,0.0,0.0,0.0,0,0
0.9258,0.0,0.0,0.0,0.0,0.0,0.0,0,0
0.9474,0.0,0.0,0.0,0.0,0.0,0.0,0,0
0.9669,0.0,0.0,0.0,0.0,0.0,0.0,0,0
0.9882,0.0,0.0,0.0,0.0,0.0,0.0,0,0
1.0082,0.0,0.0,0.0,0.0,0.0,0.0,0,0
1.0311,0.0,1.0,0.0,0.0,0.0,0.0,1,0
1.1272,0.0,1.0,0.0,0.0,0.0,0.0,1,0
1.1471,0.0,1.0,0.0,0.0,0.0,0.0,1,0
1.1680,0.0,1.0,0.0,0.0,0.0,0.0,1,0
1.1871,0.0,1.0,0.0,0.0,0.0,0.0,1,0
1.2044,0.0,1.0,0.0,0.0,0.0,0.0,1,0
1.2250,0.0,1.0,0.0,0.0,0.0,0.0,1,0
1.2420,0.0,1.0,0.0,0.0,0.0,0.0,1,0
1.2639,0.0,1.0,0.0,0.0,0.0,0.0,1,0
1.2851,0.0,1.0,0.0,0.0,0.0,0.0,1,0
1.3053,0.0,1.0,0.0,0.0,0.0,0.0,1,0
1.3219,0.0,1.0,0.0,0.0,0.0,0.0,1,0
1.3426,0.0,1.0,0.0,0.0,0.0,0.0,1,0
1.3641,0.0,1.0,0.0,0.0,0.0,0.0,1,0
1.3846,0.0,1.0,0.0,0.0,0.0,0.0,1,0
1.4045,0.0,1.0,0.0,0.0,0.0,0.0,1,0
1.4257,0.0,1.0,0.0,0.0,0.0,0.0,1,0
1.4482,0.0,1.0,0.0,0.0,0.0,0.0,1,0
1.4671,0.0,1.0,0.0,0.0,0.0,0.0,1,0
1.4879,0.0,1.0,0.0,0.0,0.0,0.0,1,0
1.5087,0.0,1.0,0.0,0.0,0.0,0.0,1,0
1.5312,0.0,1.0,0.0,0.0,0.0,0.0,1,0
1.6246,0.0,1.0,0.0,0.0,0.0,0.0,1,0
1.6415,0.0,1.0,0.0,0.0,0.0,0.0,1,0
1.6586,0.0,1.0,0.0,0.0,0.0,0.0,1,0
1.6808,0.0,1.0,0.0,0.0,0.0,0.0,1,0
1.7013,0.0,1.0,0.0,0.0,0.0,0.0,1,0
1.7219,0.0,1.0,0.0,0.0,0.0,0.0,1,0
1.7418,0.0,1.0,0.0,0.0,0.0,0.0,1,0
1.7647,0.0,1.0,0.0,0.0,0.0,0.0,1,0
1.7866,0.0,1.0,0.0,0.0,0.0,0.0,1,0
1.8053,0.0,1.0,0.0,0.0,0.0,0.0,1,0
1.8256,0.0,1.0,0.0,0.0,0.0,0.0,1,0
1.8466,0.0,1.0,0.0,0.0,0.0,0.0,1,0
1.8676,0.0,1.0,0.0,0.0,0.0,0.0,1,0
1.8879,0.0,1.0,0.0,0.0,0.0,0.0,1,0
1.9092,0.0,1.0,0.0,0.0,0.0,0.0,1,0
1.9267,0.0,1.0,0.0,0.0,0.0,0.0,1,0
1.9467,0.0,1.0,0.0,0.0,0.0,0.0,1,0
1.9686,0.0,1.0,0.0,0.0,0.0,0.0,1,0
1.9878,0.0,1.0,0.0,0.0,0.0,0.0,1,0
2.0077,0.0,1.0,0.0,0.0,0.0,0.0,1,0
2.0253,0.0,1.0,0.0,0.0,0.0,0.0,1,0
2.0464,0.0,1.0,0.0,0.0,0.0,0.0,1,0
2.1469,0.0,1.0,0.0,0.0,0.0,0.0,1,0
2.1681,0.0,1.0,0.0,0.0,0.0,0.0,1,0
2.1890,0.0,1.0,0.0,0.0,0.0,0.0,1,0
2.2085,0.0,1.0,0.0,0.0,0.0,0.0,1,0
2.2300,0.0,1.0,0.0,0.0,0.0,0.0,1,0
2.2509,0.0,1.0,0.0,0.0,0.0,0.0,1,0
2.2721,0.0,1.0,0.0,0.0,0.0,0.0,1,0
2.2938,0.0,1.0,0.0,0.0,0.0,0.0,1,0
2.3115,0.0,1.0,0.0,0.0,0.0,0.0,1,0
2.3292,0.0,1.0,0.0,0.0,0.0,0.0,1,0
2.3474,0.0,1.0,0.0,0.0,0.0,0.0,1,0
2.3677,0.0,1.0,0.0,0.0,0.0,0.0,1,0
2.3882,0.0,1.0,0.0,0.0,0.0,0.0,1,0
2.4089,0.0,1.0,0.0,0.0,0.0,0.0,1,0
2.4310,0.0,1.0,0.0,0.0,0.0,0.0,1,0
2.4505,0.0,1.0,0.0,0.0,0.0,0.0,1,0
2.4712,0.0,1.0,0.0,0.0,0.0,0.0,1,0
2.4925,0.0,1.0,0.0,0.0,0.0,0.0,1,0
2.5127,0.0,1.0,0.0,0.0,0.0,0.0,1,0
2.5340,0.0,1.0,0.0,0.0,0.0,0.0,1,0
2.5548,0.0,1.0,0.0,0.0,0.0,0.0,1,0
2.6529,0.0,1.0,0.0,0.0,0.0,0.0,1,0
2.6711,0.0,1.0,0.0,0.0,0.0,0.0,1,0
2.6925,0.0,1.0,0.0,0.0,0.0,0.0,1,0
2.7095,0.0,1.0,0.0,0.0,0.0,0.0,1,0
2.7294,0.0,1.0,0.0,0.0,0.0,0.0,1,0
2.7507,0.0,1.0,0.0,0.0,0.0,0.0,1,0
2.7714,0.0,1.0,0.0,0.0,0.0,0.0,1,0
2.7924,0.0,1.0,0.0,0.0,0.0,0.0,1,0
2.8150,0.0,1.0,0.0,0.0,0.0,0.0,1,0
2.8350,0.0,1.0,0.0,0.0,0.0,0.0,1,0
2.8548,0.0,1.0,0.0,0.0,0.0,0.0,1,0
2.8722,0.0,1.0,0.0,0.0,0.0,0.0,1,0
2.8897,0.0,1.0,0.0,0.0,0.0,0.0,1,0
2.9080,0.0,1.0,0.0,0.0,0.0,0.0,1,0
2.9260,0.0,1.0,0.0,0.0,0.0,0.0,1,0
2.9477,0.0,1.0,0.0,0.0,0.0,0.0,1,0
2.9703,0.0,1.0,0.0,0.0,0.0,0.0,1,0
2.9891,0.0,1.0,0.0,0.0,0.0,0.0,1,0
3.0088,0.0,1.0,0.0,0.0,0.0,0.0,1,0
3.0306,0.0,1.0,0.0,0.0,0.0,0.0,1,0
3.0515,0.0,1.0,0.0,0.0,0.0,0.0,1,0
3.0727,0.0,1.0,0.0,0.0,0.0,0.0,1,0
3.1760,0.0,1.0,0.0,0.0,0.0,0.0,1,0
3.1974,0.0,1.0,0.0,0.0,0.0,0.0,1,0
3.2192,0.0,1.0,0.0,0.0,0.0,0.0,1,0
3.2376,0.0,1.0,0.0,0.0,0.0,0.0,1,0
3.2555,0.0,1.0,0.0,0.0,0.0,0.0,1,0
3.2722,0.0,1.0,0.0,0.0,0.0,0.0,1,0
3.2914,0.0,1.0,0.0,0.0,0.0,0.0,1,0
3.3084,0.0,1.0,0.0,0.0,0.0,0.0,1,0
3.3317,0.0,1.0,0.0,0.0,0.0,0.0,1,0
3.3520,0.0,1.0,0.0,0.0,0.0,0.0,1,0
3.3712,0.0,1.0,0.0,0.0,0.0,0.0,1,0
3.3923,0.0,1.0,0.0,0.0,0.0,0.0,1,0
3.4143,0.0,1.0,0.0,0.0,0.0,0.0,1,0
3.4342,0.0,1.0,0.0,0.0,0.0,0.0,1,0
3.4553,0.0,1.0,0.0,0.0,0.0,0.0,1,0
3.4756,0.0,1.0,0.0,0.0,0.0,0.0,1,0
3.4968,0.0,1.0,0.0,0.0,0.0,0.0,1,0
3.5173,0.0,1.0,0.0,0.0,0.0,0.0,1,0
3.5382,0.0,1.0,0.0,0.0,0.0,0.0,1,0
3.5587,0.0,1.0,0.0,0.0,0.0,0.0,1,0
3.5807,0.0,1.0,0.0,0.0,0.0,0.0,1,0
3.6814,0.0,1.0,0.0,0.0,0.0,0.0,1,0
3.7017,0.0,1.0,0.0,0.0,0.0,0.0,1,0
3.7219,0.0,1.0,0.0,0.0,0.0,0.0,1,0
3.7420,0.0,1.0,0.0,0.0,0.0,0.0,1,0
3.7639,0.0,1.0,0.0,0.0,0.0,0.0,1,0
3.7848,0.0,1.0,0.0,0.0,0.0,0.0,1,0
3.8042,0.0,1.0,0.0,0.0,0.0,0.0,1,0
3.8247,0.0,1.0,0.0,0.0,0.0,0.0,1,0
3.8421,0.0,1.0,0.0,0.0,0.0,0.0,1,0
3.8635,0.0,1.0,0.0,0.0,0.0,0.0,1,0
3.8850,0.0,1.0,0.0,0.0,0.0,0.0,1,0
3.9047,0.0,1.0,0.0,0.0,0.0,0.0,1,0
3.9257,0.0,1.0,0.0,0.0,0.0,0.0,1,0
3.9478,0.0,1.0,0.0,0.0,0.0,0.0,1,0
3.9682,0.0,1.0,0.0,0.0,0.0,0.0,1,0
3.9885,0.0,1.0,0.0,0.0,0.0,0.0,1,0
4.0075,0.0,1.0,0.0,0.0,0.0,0.0,1,0
4.0256,0.0,1.0,0.0,0.0,0.0,0.0,1,0
4.0469,0.0,1.0,0.0,0.0,0.0,0.0,1,0
4.0677,0.0,1.0,0.0,0.0,0.0,0.0,1,0
4.0885,0.0,1.0,0.0,0.0,0.0,0.0,1,0
4.1884,0.0,1.0,0.0,0.0,0.0,0.0,1,0
4.2090,0.0,1.0,0.0,0.0,0.0,0.0,1,0
4.2302,0.0,1.0,0.0,0.0,0.0,0.0,1,0
4.2504,0.0,1.0,0.0,0.0,0.0,0.0,1,0
4.2713,0.0,1.0,0.0,0.0,0.0,0.0,1,0
4.2915,0.0,1.0,0.0,0.0,0.0,0.0,1,0
4.3136,0.0,1.0,0.0,0.0,0.0,0.0,1,0
4.3359,0.0,1.0,0.0,0.0,0.0,0.0,1,0
4.3554,0.0,1.0,0.0,0.0,0.0,0.0,1,0
4.3752,0.0,1.0,0.0,0.0,0.0,0.0,1,0
4.3976,0.0,1.0,0.0,0.0,0.0,0.0,1,0
4.4173,0.0,1.0,0.0,0.0,0.0,0.0,1,0
4.4385,0.0,1.0,0.0,0.0,0.0,0.0,1,0
4.4562,0.0,1.0,0.0,0.0,0.0,0.0,1,0
4.4753,0.0,1.0,0.0,0.0,0.0,0.0,1,0
4.4971,0.0,1.0,0.0,0.0,0.0,0.0,1,0
4.5161,0.0,1.0,0.0,0.0,0.0,0.0,1,0
4.5347,0.0,1.0,0.0,0.0,0.0,0.0,1,0
4.5553,0.0,1.0,0.0,0.0,0.0,0.0,1,0
4.5752,0.0,1.0,0.0,0.0,0.0,0.0,1,0
4.5981,0.0,1.0,0.0,0.0,0.0,0.0,1,0
4.6927,0.0,1.0,0.0,0.0,0.0,0.0,1,0
4.7149,0.0,1.0,0.0,0.0,0.0,0.0,1,0
4.7342,0.0,1.0,0.0,0.0,0.0,0.0,1,0
4.7551,0.0,1.0,0.0,0.0,0.0,0.0,1,0
4.7750,0.0,1.0,0.0,0.0,0.0,0.0,1,0
4.7971,0.0,1.0,0.0,0.0,0.0,0.0,1,0
4.8175,0.0,1.0,0.0,0.0,0.0,0.0,1,0
4.8383,0.0,1.0,0.0,0.0,0.0,0.0,1,0
4.8582,0.0,1.0,0.0,0.0,0.0,0.0,1,0
4.8808,0.0,1.0,0.0,0.0,0.0,0.0,1,0
4.9014,0.0,1.0,0.0,0.0,0.0,0.0,1,0
4.9221,0.0,1.0,0.0,0.0,0.0,0.0,1,0
4.9420,0.0,1.0,0.0,0.0,0.0,0.0,1,0
4.9628,0.0,1.0,0.0,0.0,0.0,0.0,1,0
4.9851,0.0,1.0,0.0,0.0,0.0,0.0,1,0
5.0050,0.0,1.0,0.0,0.0,0.0,0.0,1,0
5.0253,0.0,0.0,0.0,0.0,-1.0,0.0,1,0
5.0478,0.0,0.0,0.0,0.0,-1.0,0.0,1,0
5.0681,0.0,0.0,0.0,0.0,-1.0,0.0,1,0
5.0881,0.0,0.0,0.0,0.0,-1.0,0.0,1,0
5.1083,0.0,0.0,0.0,0.0,-1.0,0.0,1,0
5.2096,0.0,0.0,0.0,0.0,-1.0,0.0,1,0
5.2309,0.0,0.0,0.0,0.0,-1.0,0.0,1,0
5.2512,0.0,0.0,0.0,0.0,-1.0,0.0,1,0
5.2716,0.0,0.0,0.0,0.0,-1.0,0.0,1,0
5.2908,0.0,0.0,0.0,0.0,-1.0,0.0,1,0
5.3080,0.0,0.0,0.0,0.0,-1.0,0.0,1,0
5.3298,0.0,0.0,0.0,0.0,-1.0,0.0,1,0
5.3506,0.0,0.0,0.0,0.0,-1.0,0.0,1,0
5.3718,0.0,0.0,0.0,0.0,-1.0,0.0,1,0
5.3920,0.0,0.0,0.0,0.0,-1.0,0.0,1,0
5.4141,0.0,0.0,0.0,0.0,-1.0,0.0,1,0
5.4330,0.0,0.0,0.0,0.0,-1.0,0.0,1,0
5.4520,0.0,0.0,0.0,0.0,-1.0,0.0,1,0
5.4715,0.0,0.0,0.0,0.0,-1.0,0.0,1,0
5.4922,0.0,0.0,0.0,0.0,-1.0,0.0,1,0
5.5149,0.0,0.0,0.0,0.0,-1.0,0.0,1,0
5.5338,0.0,0.0,0.0,0.0,-1.0,0.0,1,0
5.5550,0.0,0.0,0.0,0.0,-1.0,0.0,1,0
5.5744,0.0,0.0,0.0,0.0,-1.0,0.0,1,0
5.5918,0.0,0.0,0.0,0.0,-1.0,0.0,1,0
5.6137,0.0,0.0,0.0,0.0,-1.0,0.0,1,0
5.7143,0.0,0.0,0.0,0.0,-1.0,0.0,1,0
5.7350,0.0,0.0,0.0,0.0,-1.0,0.0,1,0
5.7546,0.0,0.0,0.0,0.0,-1.0,0.0,1,0
5.7756,0.0,0.0,0.0,0.0,-1.0,0.0,1,0
5.7985,0.0,0.0,0.0,0.0,-1.0,0.0,1,0
5.8179,0.0,0.0,0.0,0.0,-1.0,0.0,1,0
5.8380,0.0,0.0,0.0,0.0,-1.0,0.0,1,0
5.8580,0.0,0.0,0.0,0.0,-1.0,0.0,1,0
5.8817,0.0,0.0,0.0,0.0,-1.0,0.0,1,0
5.9013,0.0,0.0,0.0,0.0,-1.0,0.0,1,0
5.9222,0.0,0.0,0.0,0.0,-1.0,0.0,1,0
5.9437,0.0,0.0,0.0,0.0,-1.0,0.0,1,0
5.9646,0.0,0.0,0.0,0.0,-1.0,0.0,1,0
5.9845,0.0,0.0,0.0,0.0,-1.0,0.0,1,0
6.0056,0.0,0.0,0.0,0.0,-1.0,0.0,1,0
6.0234,0.0,0.0,0.0,0.0,-1.0,0.0,1,0
6.0415,0.0,0.0,0.0,0.0,-1.0,0.0,1,0
6.0632,0.0,0.0,0.0,0.0,-1.0,0.0,1,0
6.0861,0.0,0.0,0.0,0.0,-1.0,0.0,1,0
6.1051,0.0,0.0,0.0,0.0,-1.0,0.0,1,0
6.1221,0.0,0.0,0.0,0.0,0.0,0.0,1,0
6.2220,0.0,0.0,0.0,0.0,0.0,0.0,1,0
6.2412,0.0,0.0,0.0,0.0,0.0,0.0,1,0
6.2585,0.0,0.0,0.0,0.0,0.0,0.0,1,0
6.2755,0.0,0.0,0.0,0.0,0.0,0.0,1,0
6.2968,0.0,0.0,0.0,0.0,0.0,0.0,1,0
6.3178,0.0,0.0,0.0,0.0,0.0,0.0,1,0
6.3389,0.0,0.0,0.0,0.0,0.0,0.0,1,0
6.3582,0.0,0.0,0.0,0.0,0.0,0.0,1,0
6.3804,0.0,0.0,0.0,0.0,0.0,0.0,1,0
6.4005,0.0,0.0,0.0,0.0,0.0,0.0,1,0
6.4213,0.0,0.0,0.0,0.0,0.0,0.0,1,0
6.4377,0.0,0.0,0.0,0.0,0.0,0.0,1,0
6.4550,0.0,0.0,0.0,0.0,0.0,0.0,1,0
6.4718,0.0,0.0,0.0,0.0,0.0,0.0,1,0
6.4887,0.0,0.0,0.0,0.0,0.0,0.0,1,0
6.5078,0.0,0.0,0.0,0.0,0.0,0.0,1,0
6.5250,0.0,0.0,0.0,0.0,0.0,0.0,1,0
6.5465,0.0,0.0,0.0,0.0,0.0,0.0,1,0
6.5680,0.0,0.0,0.0,0.0,0.0,0.0,1,0
6.5889,0.0,0.0,0.0,0.0,0.0,0.0,1,0
6.6088,0.0,0.0,0.0,0.0,0.0,0.0,1,0
6.6305,0.0,0.0,0.0,0.0,0.0,0.0,1,0
6.7309,0.0,0.0,0.0,0.0,0.0,0.0,1,0
6.7509,0.0,0.0,0.0,0.0,0.0,0.0,1,0
6.7704,0.0,0.0,0.0,0.0,0.0,0.0,1,0
6.7879,0.0,0.0,0.0,0.0,0.0,0.0,1,0
6.8078,0.0,0.0,0.0,0.0,0.0,0.0,1,0
6.8252,0.0,0.0,0.0,0.0,0.0,0.0,1,0
6.8460,0.0,0.0,0.0,0.0,0.0,0.0,1,0
6.8681,0.0,0.0,0.0,0.0,0.0,0.0,1,0
6.8879,0.0,0.0,0.0,0.0,0.0,0.0,1,0
6.9053,0.0,0.0,0.0,0.0,0.0,0.0,1,0
6.9222,0.0,0.0,0.0,0.0,0.0,0.0,1,0
6.9423,0.0,0.0,0.0,0.0,0.0,0.0,1,0
6.9632,0.0,0.0,0.0,0.0,0.0,0.0,1,0
6.9851,0.0,0.0,0.0,0.0,0.0,0.0,1,0
7.0037,0.0,0.0,0.0,0.0,0.0,0.0,1,0
7.0215,0.0,0.0,0.0,0.0,0.0,0.0,1,0
7.0411,0.0,0.0,0.0,0.0,0.0,0.0,1,0
7.0581,0.0,0.0,0.0,0.0,0.0,0.0,1,0
7.0811,0.0,0.0,0.0,0.0,0.0,0.0,1,0
7.1008,0.0,0.0,0.0,0.0,0.0,0.0,1,0
7.1201,0.0,0.0,0.0,0.0,0.0,0.0,1,0
7.1379,0.0,0.0,0.0,0.0,0.0,0.0,1,0
7.2380,0.0,0.0,0.0,0.0,0.0,0.0,1,0
7.2550,0.0,0.0,0.0,0.0,0.0,0.0,1,0
7.2714,0.0,0.0,0.0,0.0,0.0,0.0,1,0
7.2915,0.0,0.0,0.0,0.0,0.0,0.0,1,0
7.3142,0.0,0.0,0.0,0.0,0.0,0.0,1,0
7.3338,0.0,0.0,0.0,0.0,0.0,0.0,1,0
7.3539,0.0,0.0,0.0,0.0,0.0,0.0,1,0
7.3740,0.0,0.0,0.0,0.0,0.0,0.0,1,0
7.3930,0.0,0.0,0.0,0.0,0.0,0.0,1,0
7.4131,0.0,0.0,0.0,0.0,0.0,0.0,1,0
7.4341,0.0,0.0,0.0,0.0,0.0,0.0,1,0
7.4541,0.0,0.0,0.0,0.0,0.0,0.0,1,0
7.4749,0.0,0.0,0.0,0.0,0.0,0.0,1,0
7.4969,0.0,0.0,0.0,0.0,0.0,0.0,1,0
7.5169,0.0,0.0,0.0,0.0,0.0,0.0,1,0
7.5377,0.0,0.0,0.0,0.0,0.0,0.0,1,0
7.5580,0.0,0.0,0.0,0.0,0.0,0.0,1,0
7.5814,0.0,0.0,0.0,0.0,0.0,0.0,1,0
7.6005,0.0,0.0,0.0,0.0,0.0,0.0,1,0
7.6210,0.0,0.0,0.0,0.0,0.0,0.0,1,0
7.6419,0.0,0.0,0.0,0.0,0.0,0.0,1,0
7.7397,0.0,0.0,0.0,0.0,0.0,0.0,1,0
7.7581,0.0,0.0,0.0,0.0,0.0,0.0,1,0
7.7791,0.0,0.0,0.0,0.0,0.0,0.0,1,0
7.8005,0.0,0.0,0.0,0.0,0.0,0.0,1,0
7.8211,0.0,0.0,0.0,0.0,0.0,0.0,1,0
7.8416,0.0,0.0,0.0,0.0,0.0,0.0,1,0
7.8640,0.0,0.0,0.0,0.0,0.0,0.0,1,0
7.8847,0.0,0.0,0.0,0.0,0.0,0.0,1,0
7.9043,0.0,0.0,0.0,0.0,0.0,0.0,1,0
7.9249,0.0,0.0,0.0,0.0,0.0,0.0,1,0
7.9473,0.0,0.0,0.0,0.0,0.0,0.0,1,0
7.9671,0.0,0.0,0.0,0.0,0.0,0.0,1,0
7.9876,0.0,0.0,0.0,0.0,0.0,0.0,1,0
8.0085,0.0,0.0,0.0,0.0,0.0,0.0,1,0
8.0303,0.0,0.0,0.0,0.0,0.0,0.0,1,0
8.0503,0.0,0.0,0.0,0.0,0.0,0.0,1,0
8.0708,0.0,0.0,0.0,0.0,0.0,0.0,1,0
8.0879,0.0,0.0,0.0,0.0,0.0,0.0,1,0
8.1050,0.0,0.0,0.0,0.0,0.0,0.0,1,0
8.1227,0.0,0.0,0.0,0.0,0.0,0.0,1,0
8.1395,0.0,0.0,0.0,0.0,0.0,0.0,1,0
8.1582,0.0,0.0,0.0,0.0,0.0,0.0,1,0
8.2590,0.0,0.0,0.0,0.0,0.0,0.0,1,0
8.2789,0.0,0.0,0.0,0.0,0.0,0.0,1,0
8.2994,0.0,0.0,0.0,0.0,0.0,0.0,1,0
8.3172,0.0,0.0,0.0,0.0,0.0,0.0,1,0
8.3377,0.0,0.0,0.0,0.0,0.0,0.0,1,0
8.3588,0.0,0.0,0.0,0.0,0.0,0.0,1,0
8.3793,0.0,0.0,0.0,0.0,0.0,0.0,1,0
8.4010,0.0,0.0,0.0,0.0,0.0,0.0,1,0
8.4220,0.0,0.0,0.0,0.0,0.0,0.0,1,0
8.4390,0.0,0.0,0.0,0.0,0.0,0.0,1,0
8.4566,0.0,0.0,0.0,0.0,0.0,0.0,1,0
8.4753,0.0,0.0,0.0,0.0,0.0,0.0,1,0
8.4965,0.0,0.0,0.0,0.0,0.0,0.0,1,0
8.5167,0.0,0.0,0.0,0.0,0.0,0.0,1,0
8.5378,0.0,0.0,0.0,0.0,0.0,0.0,1,0
8.5579,0.0,0.0,0.0,0.0,0.0,0.0,1,0
8.5796,0.0,0.0,0.0,0.0,0.0,0.0,1,0
8.6003,0.0,0.0,0.0,0.0,0.0,0.0,1,0
8.6198,0.0,0.0,0.0,0.0,0.0,0.0,1,0
8.6370,0.0,0.0,0.0,0.0,0.0,0.0,1,0
8.6583,0.0,0.0,0.0,0.0,0.0,0.0,1,0
8.7592,0.0,0.0,0.0,0.0,0.0,0.0,1,0
8.7790,0.0,0.0,0.0,0.0,0.0,0.0,1,0
8.8002,0.0,0.0,0.0,0.0,0.0,0.0,1,0
8.8211,0.0,0.0,0.0,0.0,0.0,0.0,1,0
8.8406,0.0,0.0,0.0,0.0,0.0,0.0,1,0
8.8580,0.0,0.0,0.0,0.0,0.0,0.0,1,0
8.8804,0.0,0.0,0.0,0.0,0.0,0.0,1,0
8.9010,0.0,0.0,0.0,0.0,0.0,0.0,1,0
8.9224,0.0,0.0,0.0,0.0,0.0,0.0,1,0
8.9417,0.0,0.0,0.0,0.0,0.0,0.0,1,0
8.9636,0.0,0.0,0.0,0.0,0.0,0.0,1,0
8.9836,0.0,0.0,0.0,0.0,0.0,0.0,1,0
9.0042,0.0,0.0,0.0,0.0,0.0,0.0,1,0
9.0246,0.0,0.0,0.0,0.0,0.0,0.0,1,0
9.0451,0.0,0.0,0.0,0.0,0.0,0.0,1,0
9.0676,0.0,0.0,0.0,0.0,0.0,0.0,1,0
9.0872,0.0,0.0,0.0,0.0,0.0,0.0,1,0
9.1081,0.0,0.0,0.0,0.0,0.0,0.0,1,0
9.1302,0.0,0.0,0.0,0.0,0.0,0.0,1,0
9.1504,0.0,0.0,0.0,0.0,0.0,0.0,1,0
9.1704,0.0,0.0,0.0,0.0,0.0,0.0,1,0
9.2751,0.0,0.0,0.0,0.0,0.0,0.0,1,0
9.2969,0.0,0.0,0.0,0.0,0.0,0.0,1,0
9.3168,0.0,0.0,0.0,0.0,0.0,0.0,1,0
9.3374,0.0,0.0,0.0,0.0,0.0,0.0,1,0
9.3580,0.0,0.0,0.0,0.0,0.0,0.0,1,0
9.3796,0.0,0.0,0.0,0.0,0.0,0.0,1,0
9.4007,0.0,0.0,0.0,0.0,0.0,0.0,1,0
9.4214,0.0,0.0,0.0,0.0,0.0,0.0,1,0
9.4419,0.0,0.0,0.0,0.0,0.0,0.0,1,0
9.4643,0.0,0.0,0.0,0.0,0.0,0.0,1,0
9.4835,0.0,0.0,0.0,0.0,0.0,0.0,1,0
9.5041,0.0,0.0,0.0,0.0,0.0,0.0,1,0
9.5249,0.0,0.0,0.0,0.0,0.0,0.0,1,0
9.5422,0.0,0.0,0.0,0.0,0.0,0.0,1,0
9.5625,0.0,0.0,0.0,0.0,0.0,0.0,1,0
9.5840,0.0,0.0,0.0,0.0,0.0,0.0,1,0
9.6044,0.0,0.0,0.0,0.0,0.0,0.0,1,0
9.6249,0.0,0.0,0.0,0.0,0.0,0.0,1,0
9.6461,0.0,0.0,0.0,0.0,0.0,0.0,1,0
9.6668,0.0,0.0,0.0,0.0,0.0,0.0,1,0
9.6875,0.0,0.0,0.0,0.0,0.0,0.0,1,0
9.7849,0.0,0.0,0.0,0.0,0.0,0.0,1,0
9.8041,0.0,0.0,0.0,0.0,0.0,0.0,1,0
9.8241,0.0,0.0,0.0,0.0,0.0,0.0,1,0
9.8411,0.0,0.0,0.0,0.0,0.0,0.0,1,0
9.8638,0.0,0.0,0.0,0.0,0.0,0.0,1,0
9.8838,0.0,0.0,0.0,0.0,0.0,0.0,1,0
9.9044,0.0,0.0,0.0,0.0,0.0,0.0,1,0
9.9249,0.0,0.0,0.0,0.0,0.0,0.0,1,0
9.9426,0.0,0.0,0.0,0.0,0.0,0.0,1,0
9.9633,0.0,0.0,0.0,0.0,0.0,0.0,1,0
9.9853,0.0,0.0,0.0,0.0,0.0,0.0,1,0
10.0038,0.0,0.0,0.0,0.0,0.0,0.0,1,0
10.0242,0.0,0.0,0.0,0.0,0.0,0.0,1,0
10.0414,0.0,0.0,0.0,0.0,0.0,0.0,1,0
10.0645,0.0,0.0,0.0,0.0,0.0,0.0,1,0
10.0859,0.0,0.0,0.0,0.0,0.0,0.0,1,0
10.1048,0.0,0.0,0.0,0.0,0.0,0.0,1,0
10.1221,0.0,0.0,0.0,0.0,0.0,0.0,1,0
10.1399,0.0,0.0,0.0,0.0,0.0,0.0,1,0
10.1588,0.0,0.0,0.0,0.0,0.0,0.0,1,0
10.1801,0.0,0.0,0.0,0.0,0.0,0.0,1,0
10.2004,0.0,0.0,0.0,0.0,0.0,0.0,1,0
10.3049,0.0,0.0,0.0,0.0,0.0,0.0,1,0
10.3253,0.0,0.0,0.0,0.0,0.0,0.0,1,0
10.3429,0.0,0.0,0.0,0.0,0.0,0.0,1,0
10.3646,0.0,0.0,0.0,0.0,0.0,0.0,1,0
10.3835,0.0,0.0,0.0,0.0,0.0,0.0,1,0
10.4043,0.0,0.0,0.0,0.0,0.0,0.0,1,0
10.4245,0.0,0.0,0.0,0.0,0.0,0.0,1,0
10.4484,0.0,0.0,0.0,0.0,0.0,0.0,1,0
10.4679,0.0,0.0,0.0,0.0,0.0,0.0,1,0
10.4882,0.0,0.0,0.0,0.0,0.0,0.0,1,0
10.5089,0.0,0.0,0.0,0.0,0.0,0.0,1,0
10.5344,0.0,0.0,0.0,0.0,0.0,0.0,1,0
10.5571,0.0,0.0,0.0,0.0,0.0,0.0,1,0
10.5755,0.0,0.0,0.0,0.0,0.0,0.0,1,0
10.6006,0.0,0.0,0.0,0.0,0.0,0.0,1,0
10.6241,0.0,0.0,0.0,0.0,0.0,0.0,1,0
10.6514,0.0,0.0,0.0,0.0,0.0,0.0,1,0
10.6745,0.0,0.0,0.0,0.0,0.0,0.0,1,0
10.7008,0.0,0.0,0.0,0.0,0.0,0.0,1,0
10.8177,0.0,0.0,0.0,0.0,0.0,0.0,1,0
10.8364,0.0,0.0,0.0,0.0,0.0,0.0,1,0
10.8532,0.0,0.0,0.0,0.0,0.0,0.0,1,0
10.8705,0.0,0.0,0.0,0.0,0.0,0.0,1,0
10.8873,0.0,0.0,0.0,0.0,0.0,0.0,1,0
10.9044,0.0,0.0,0.0,0.0,0.0,0.0,1,0
10.9226,0.0,0.0,0.0,0.0,0.0,0.0,1,0
10.9523,0.0,0.0,0.0,0.0,0.0,0.0,1,0
10.9756,0.0,0.0,0.0,0.0,0.0,0.0,1,0
10.9982,0.0,0.0,0.0,0.0,0.0,0.0,1,0
11.0177,0.0,0.0,0.0,0.0,0.0,0.0,1,0
11.0374,0.0,0.0,0.0,0.0,0.0,0.0,1,0
11.0576,0.0,0.0,0.0,0.0,0.0,0.0,1,0
11.0805,0.0,0.0,0.0,0.0,0.0,0.0,1,0
11.0995,0.0,0.0,0.0,0.0,0.0,0.0,1,0
11.1204,0.0,0.0,0.0,0.0,0.0,0.0,1,0
11.1407,0.0,0.0,0.0,0.0,0.0,0.0,0,0
11.1577,0.0,0.0,0.0,0.0,0.0,0.0,0,0
11.1742,0.0,0.0,0.0,0.0,0.0,0.0,0,0
11.1949,0.0,0.0,0.0,0.0,0.0,0.0,0,0
11.2123,0.0,0.0,0.0,0.0,0.0,0.0,0,0
11.3130,0.0,0.0,0.0,0.0,0.0,0.0,0,0
11.3330,0.0,0.0,0.0,0.0,0.0,0.0,0,0
11.3539,0.0,0.0,0.0,0.0,0.0,0.0,0,0
11.3740,0.0,0.0,0.0,0.0,0.0,0.0,0,0
11.3912,0.0,0.0,0.0,0.0,0.0,0.0,0,0
11.4127,0.0,0.0,0.0,0.0,0.0,0.0,0,0
11.4333,0.0,0.0,0.0,0.0,0.0,0.0,0,0
11.4545,0.0,0.0,0.0,0.0,0.0,0.0,0,0
11.4745,0.0,0.0,0.0,0.0,0.0,0.0,0,0
11.4968,0.0,0.0,0.0,0.0,0.0,0.0,0,0
11.5174,0.0,0.0,0.0,0.0,0.0,0.0,0,0
11.5368,0.0,0.0,0.0,0.0,0.0,0.0,0,0
11.5567,0.0,0.0,0.0,0.0,0.0,0.0,0,0
11.5743,0.0,0.0,0.0,0.0,0.0,0.0,0,0
11.5960,0.0,0.0,0.0,0.0,0.0,0.0,0,0
11.6171,0.0,0.0,0.0,0.0,0.0,0.0,0,0
11.6373,0.0,0.0,0.0,0.0,0.0,0.0,0,0
11.6548,0.0,0.0,0.0,0.0,0.0,0.0,0,0
11.6746,0.0,0.0,0.0,0.0,0.0,0.0,0,0
11.6961,0.0,0.0,0.0,0.0,0.0,0.0,0,0
11.7176,0.0,0.0,0.0,0.0,0.0,0.0,0,0
11.8186,0.0,0.0,0.0,0.0,0.0,0.0,0,0
11.8377,0.0,0.0,0.0,0.0,0.0,0.0,0,0
11.8582,0.0,0.0,0.0,0.0,0.0,0.0,0,0
11.8799,0.0,0.0,0.0,0.0,0.0,0.0,0,0
11.9006,0.0,0.0,0.0,0.0,0.0,0.0,0,0
11.9210,0.0,0.0,0.0,0.0,0.0,0.0,0,0
11.9409,0.0,0.0,0.0,0.0,0.0,0.0,0,0
11.9585,0.0,0.0,0.0,0.0,0.0,0.0,0,0
11.9797,0.0,0.0,0.0,0.0,0.0,0.0,0,0
12.0011,0.0,0.0,0.0,0.0,0.0,0.0,0,0
12.0209,0.0,0.0,0.0,0.0,0.0,0.0,0,0
12.0376,0.0,0.0,0.0,0.0,0.0,0.0,0,0
12.0545,0.0,0.0,0.0,0.0,0.0,0.0,0,0
12.0744,0.0,0.0,0.0,0.0,0.0,0.0,0,0
12.0968,0.0,0.0,0.0,0.0,0.0,0.0,0,0
12.1173,0.0,0.0,0.0,0.0,0.0,0.0,0,0
12.1376,0.0,0.0,0.0,0.0,0.0,0.0,0,0
12.1579,0.0,0.0,0.0,0.0,0.0,0.0,0,0
12.1799,0.0,0.0,0.0,0.0,0.0,0.0,0,0
12.1999,0.0,0.0,0.0,0.0,0.0,0.0,0,0
12.2211,0.0,0.0,0.0,0.0,0.0,0.0,0,0
12.3218,0.0,0.0,0.0,0.0,0.0,0.0,0,0
12.3420,0.0,0.0,0.0,0.0,0.0,0.0,0,0
12.3650,0.0,0.0,0.0,0.0,0.0,0.0,0,0
12.3838,0.0,0.0,0.0,0.0,0.0,0.0,0,0
12.4045,0.0,0.0,0.0,0.0,0.0,0.0,0,0
12.4231,0.0,0.0,0.0,0.0,0.0,0.0,0,0
12.4416,0.0,0.0,0.0,0.0,0.0,0.0,0,0
12.4658,0.0,0.0,0.0,0.0,0.0,0.0,0,0
12.4889,0.0,0.0,0.0,0.0,0.0,0.0,0,0
12.5083,0.0,0.0,0.0,0.0,0.0,0.0,0,0
12.5307,0.0,0.0,0.0,0.0,0.0,0.0,0,0
12.5503,0.0,0.0,0.0,0.0,0.0,0.0,0,0
12.5714,0.0,0.0,0.0,0.0,0.0,0.0,0,0
12.5919,0.0,0.0,0.0,0.0,0.0,0.0,0,0
12.6136,0.0,0.0,0.0,0.0,0.0,0.0,0,0
