t_s,valid,view_idx,dark_centre,dark_mid,dark_edge,red_centre,red_mid,red_edge,red_excess_centre,red_excess_edge,hud_level,strafe_long,strafe_lat,strafe_vert,roll,pitch,yaw,boost
-0.98,1,0,0.000,0.000,0.000,0.276,0.296,0.285,0.001,0.001,1.000,0.0,0.0,0.0,0.0,0.0,0.0,0
-0.47,1,0,0.032,0.026,0.029,0.274,0.295,0.283,-0.001,-0.001,1.000,0.0,0.0,0.0,0.0,0.0,0.0,0
0.03,1,0,0.055,0.045,0.053,0.274,0.295,0.282,-0.001,-0.002,1.000,1.0,0.0,0.0,0.0,0.0,0.0,1
0.53,1,0,0.045,0.044,0.041,0.274,0.294,0.282,-0.001,-0.001,1.000,1.0,0.0,0.0,0.0,0.0,0.0,1
1.05,1,0,0.040,0.038,0.032,0.274,0.295,0.284,-0.001,0.001,1.000,1.0,0.0,0.0,0.0,0.0,0.0,1
1.55,1,0,0.041,0.033,0.035,0.284,0.302,0.293,0.009,0.009,0.980,1.0,0.0,0.0,0.0,0.0,0.0,1
2.07,1,0,0.042,0.031,0.042,0.296,0.310,0.302,0.021,0.019,0.929,1.0,0.0,0.0,0.0,0.0,0.0,1
2.58,1,0,0.022,0.025,0.037,0.306,0.316,0.311,0.031,0.027,0.878,1.0,0.0,0.0,0.0,0.0,0.0,1
3.09,1,0,0.013,0.016,0.035,0.308,0.318,0.312,0.033,0.029,0.859,1.0,0.0,0.0,0.0,0.0,0.0,1
3.60,1,0,0.001,0.007,0.023,0.299,0.312,0.305,0.024,0.022,0.906,1.0,0.0,0.0,0.0,0.0,0.0,1
4.11,1,0,0.000,0.000,0.000,0.283,0.301,0.292,0.008,0.008,0.988,0.0,0.0,0.0,0.0,-1.0,0.0,1
4.61,1,0,0.000,0.000,0.000,0.275,0.283,0.288,-0.000,0.005,1.000,0.0,0.0,0.0,0.0,-1.0,0.0,1
5.12,1,0,0.685,0.309,0.000,0.233,0.275,0.290,-0.042,0.006,1.000,0.0,0.0,0.0,0.0,0.0,0.0,1
5.63,1,0,0.920,0.882,0.148,0.187,0.182,0.281,-0.087,-0.002,0.980,0.0,0.0,0.0,0.0,0.0,0.0,1
6.14,1,0,0.912,0.865,0.065,0.181,0.179,0.290,-0.094,0.007,0.965,0.0,0.0,0.0,0.0,0.0,0.0,1
6.64,1,0,0.911,0.852,0.021,0.181,0.180,0.294,-0.094,0.011,0.969,0.0,0.0,0.0,0.0,0.0,0.0,1
7.16,1,0,0.901,0.837,0.000,0.174,0.170,0.284,-0.101,0.001,1.000,0.0,0.0,0.0,0.0,0.0,0.0,1
7.66,1,0,0.904,0.834,0.000,0.173,0.171,0.285,-0.102,0.001,1.000,0.0,0.0,0.0,0.0,0.0,0.0,1
8.17,1,0,0.903,0.832,0.000,0.175,0.171,0.285,-0.100,0.001,1.000,0.0,0.0,0.0,0.0,0.0,0.0,1
8.69,1,0,0.904,0.831,0.000,0.177,0.173,0.285,-0.098,0.001,1.000,0.0,0.0,0.0,0.0,0.0,0.0,1
9.20,1,0,0.904,0.830,0.000,0.176,0.174,0.285,-0.099,0.002,1.000,0.0,0.0,0.0,0.0,0.0,0.0,1
9.70,1,0,0.903,0.832,0.000,0.173,0.172,0.285,-0.102,0.001,1.000,0.0,0.0,0.0,0.0,0.0,0.0,1
10.21,1,0,0.903,0.834,0.000,0.172,0.173,0.285,-0.103,0.001,1.000,0.0,0.0,0.0,0.0,0.0,0.0,0
10.72,1,0,0.907,0.834,0.000,0.172,0.173,0.285,-0.103,0.002,0.992,0.0,0.0,0.0,0.0,0.0,0.0,0
11.22,1,0,0.909,0.832,0.000,0.176,0.174,0.285,-0.099,0.002,1.000,0.0,0.0,0.0,0.0,0.0,0.0,0
