test,fps,start_speed,gloc_at,plateau_mps,plateau_spread,plateau_drift_mps_per_s,t_to_100,t_to_200,t_to_300,t_to_400,t_to_480,accel_G_fit,g_meter_end,g_meter_peak,s1_speed_end,s1_g_first1s,s1_g_mean,s1_g_over1_s,s2_speed_end,s2_g_first1s,s2_g_mean,s2_g_over1_s,rel_start_mps,rel_speed_at_0.5s,rel_speed_at_1s,rel_speed_at_2s,rel_speed_at_3s,rel_speed_at_5s,rel_speed_at_8s,rel_speed_at_12s,rel_t_to_400,rel_t_to_300,rel_t_to_260,rel_t_to_240,rel_t_to_230,rel_t_to_226,rel_decel_G_first1s,rel_decel_G_300_to_235,rel_end_mps,rel_end_above_scm_mps,rel_recorded_s,dark_peak,dark_peak_t,red_peak,edge_dark_peak,red_excess_edge_peak,expect_model_t_to_226_s,red_at,red_edge_at,vision_effect,rel_speed_at_20s,expect_old_fit_t_to_226_s,grey_at,recovery_s,lat_mirrored,expect_side_G,expect_lateral_m_2s,g_meter_mean_late,roll_dps_gmeter,dark_t20,expect_speed_mps,ease_events,sustained_scale,dark_t50,dark_t80,edge_dark_t50,grey_to_black_s,hud_black_at,expect_sustained_scale,centre_dark_t50,expect_gloc_at_s,expect_decel_G,expect_drain_pct_s,expect_regen_pct_s,expect_reenable_pct,rot_axis,rot_dps_osc,rot_osc_a_G,rot_osc_rms_mps,rot_osc_cycles,probe_presses,probe_cuts,probe_ignored,probe_blind,probe_black_checks,probe_black_checks_worked,probe_black_checks_dead,probe_conscious_dark_s,probe_resyncs,probe_outcomes,expect_grey_at,expect_gloc_at,expect_probe_control_lost_s,probe_key_lost_s,probe_key_back_s
r6_release_280,45.3,0.0,,225.0,0.0,0.0,0.777,1.237,1.72,,,20.43,0.0,16.9,236.5,18.95,18.28,1.25,225.0,3.85,1.12,2.0,225.0,317.0,295.0,254.0,225.0,225.0,225.0,225.0,0.05,0.05,1.8,2.28,2.59,2.62,4.09,3.15,225.0,0.0,13.5,0.01,0.15,0.015,0.01,0.013,1.4,,,,,,,,,,,,,,,,,,,,,,,,,,,,,,,,,,,,,,,,,,,,,,,,
r6_release_350,45.6,0.0,,224.0,0.0,-0.0,0.785,1.259,1.735,,,20.46,0.0,15.8,310.0,18.54,18.21,1.46,224.0,3.67,1.17,2.87,294.0,362.5,341.5,300.0,258.0,224.0,224.0,224.0,0.02,1.98,2.95,3.42,3.67,3.77,4.18,4.26,224.0,-1.0,16.5,0.0,0.02,0.071,0.04,0.033,2.9,2.08,2.1,red,,,,,,,,,,,,,,,,,,,,,,,,,,,,,,,,,,,,,,,,,,,,,
r6_release_450,43.6,0.0,,224.0,0.0,0.0,0.76,1.247,1.729,2.325,,20.36,0.0,16.1,414.0,18.89,17.39,2.13,224.0,7.33,1.69,4.06,406.0,451.0,401.5,348.0,307.0,224.0,224.0,224.0,1.07,3.12,4.12,4.54,4.79,4.89,8.69,4.26,224.0,-1.0,16.5,0.09,2.06,0.028,0.11,0.022,4.5,,,,,,,,,,,,,,,,,,,,,,,,,,,,,,,,,,,,,,,,,,,,,,,,
r6_release_all,40.4,0.0,,225.0,0.0,-0.0,0.789,1.262,1.749,2.332,3.224,20.32,0.0,8.7,519.0,18.41,6.64,3.49,225.0,11.58,1.18,4.22,519.0,490.0,427.0,361.0,318.0,234.0,225.0,225.0,1.37,3.44,4.42,4.93,5.1,5.2,12.55,4.26,225.0,0.0,26.5,0.0,0.02,0.044,0.13,0.065,5.3,,,,225.0,>20,,,,,,,,,,,,,,,,,,,,,,,,,,,,,,,,,,,,,,,,,,,
r6_release_fwd_held,42.7,0.0,,226.0,1.0,-0.0,0.784,1.249,1.737,2.342,3.208,20.54,0.0,8.9,519.0,18.66,6.7,3.62,226.0,11.66,1.18,4.3,519.0,493.5,429.0,361.0,319.0,236.0,226.0,226.0,1.34,3.46,4.42,4.89,5.14,5.24,13.0,4.27,225.0,0.0,26.5,0.04,32.03,0.029,0.04,0.023,5.3,,,,226.0,,2.54,0.9,,,,,,,,,,,,,,,,,,,,,,,,,,,,,,,,,,,,,,,,,
r6_release_fwd_lat,44.1,0.0,,225.0,1.0,-0.06,0.783,1.247,1.735,2.348,3.201,20.45,2.1,14.1,519.0,18.6,6.71,3.76,225.0,11.32,4.05,12.85,519.0,490.5,426.5,357.5,318.5,265.0,225.0,225.0,1.3,3.62,5.23,6.38,7.09,7.57,12.76,2.17,225.0,0.0,16.5,0.1,2.67,0.105,0.2,0.066,~5,2.15,2.15,red,,,,,,,,,,,,,,,,,,,,,,,,,,,,,,,,,,,,,,,,,,,,,
r7_dodge_mid_boost,42.9,0.0,,391.5,80.1,31.78,0.77,1.253,1.736,4.42,,21.3,8.2,21.3,235.0,18.7,17.93,1.25,427.5,11.45,9.5,2.33,,,,,,,,,,,,,,,,,,,,0.0,0.01,0.016,0.03,0.018,,,,,,,4.2,0.9,True,~10-12.9 (model),~180 (model),,,,,,,,,,,,,,,,,,,,,,,,,,,,,,,,,,,,,,
r7_escape_lat_roll50_boost,44.2,0.0,,513.0,0.0,-0.02,0.766,1.24,1.725,2.324,3.183,20.91,5.9,15.9,519.0,18.96,8.6,3.59,513.0,5.72,6.02,10.06,,,,,,,,,,,,,,,,,,,,0.27,12.22,0.119,0.37,0.101,,2.16,2.06,red,,,,,,?,,5.18,61.0,9.19,?,,,,,,,,,,,,,,,,,,,,,,,,,,,,,,,,,,
r7_escape_roll25_boost,44.4,0.0,,515.0,1.0,-0.34,0.76,1.235,1.715,2.315,3.245,20.82,5.5,16.5,519.0,19.12,9.03,3.65,514.0,5.36,5.14,10.23,,,,,,,,,,,,,,,,,,,,0.87,11.69,0.035,0.9,0.023,,,,grey,,,2.58,0.9,,?,,4.48,101.0,6.5,?,"[[2.85, 0.85]]",0.85,6.84,11.57,7.23,,,,,,,,,,,,,,,,,,,,,,,,,,,,,
r7_escape_roll50_boost,44.7,0.0,,513.0,0.0,-0.03,0.789,1.245,1.736,2.34,3.21,20.84,6.2,16.3,519.0,18.32,8.81,3.7,513.0,5.19,6.01,10.26,,,,,,,,,,,,,,,,,,,,0.33,14.48,0.101,0.21,0.132,,2.19,2.24,red,,,,,,?,,5.18,61.0,12.27,?,,,,,,,,,,,,,,,,,,,,,,,,,,,,,,,,,,
r7_escape_roll75_boost,44.3,0.0,,514.0,1.0,-0.07,0.761,1.224,1.717,2.32,3.219,20.85,5.8,16.1,519.0,18.97,8.88,3.63,513.0,6.0,5.61,10.19,,,,,,,,,,,,,,,,,,,,0.56,13.55,0.028,0.83,0.026,,,,grey,,,,0.9,,?,,4.85,61.0,7.19,?,,,7.47,,,,,,,,,,,,,,,,,,,,,,,,,,,,,,,
r7_manage_lat_ease_roll,44.8,0.0,5.56,225.0,2000.0,259.34,0.949,1.994,4.019,4.019,4.019,11.03,10.0,13.7,,,,,,,,,,,,,,,,,,,,,,,,,,,,0.81,5.6,0.095,0.54,0.051,,5.0,5.79,grey,,,3.62,1.4,True,,,9.16,427.0,0.32,,"[[3.88, 0.85], [5.4, 0.7]]",,0.49,5.52,,1.94,5.56,"?; if roll easing never clears the grey, G-LOC follows G, not spin",,,,,,,,,,,,,,,,,,,,,,,,,,
r7_manage_lat_ease_strafe,44.9,0.0,5.87,225.0,2000.0,329.19,0.971,2.02,4.181,4.181,4.181,10.96,10.0,13.7,,,,,,,,,,,,,,,,,,,,,,,,,,,,0.24,5.88,0.19,0.41,0.164,,1.04,1.01,red,,,3.68,1.1,,,,9.24,397.0,5.7,,"[[3.95, 0.85], [5.45, 0.7]]",,,,,2.19,5.87,?,,,,,,,,,,,,,,,,,,,,,,,,,,
r7_manage_up_ease_strafe,43.9,0.0,8.84,225.0,1.5,-0.03,0.943,1.989,,,,10.98,10.0,13.7,,,,,,,,,,,,,,,,,,,,,,,,,,,,0.63,8.55,0.089,0.87,0.045,,7.53,7.58,red,,,6.82,0.9,,,,9.59,206.0,0.86,,"[[7.08, 0.85], [8.58, 0.7]]",,8.33,,1.06,2.02,8.84,?,,,,,,,,,,,,,,,,,,,,,,,,,,
r7_onset_down_scm,44.5,0.0,10.11,225.0,1.0,0.0,0.933,1.763,,,,13.02,5.0,13.7,,,,,,,,,,,,,,,,,,,,,,,,,,,,0.84,9.51,0.524,0.77,0.677,,5.26,5.11,grey,,,5.64,0.9,,,,5.01,202.0,0.28,,,,2.28,9.47,,4.47,10.11,,9.24,compare with r7_onset_up50_scm,,,,,,,,,,,,,,,,,,,,,,,,
r7_onset_lat_scm,45.0,0.0,5.4,225.0,1.0,139.21,0.961,2.017,4.049,4.049,4.049,10.97,9.4,13.7,,,,,,,,,,,,,,,,,,,,,,,,,,,,0.61,5.97,0.191,0.77,0.148,,1.18,1.08,red,,,3.62,1.4,True,,,9.34,401.0,5.51,,,,5.76,,5.66,1.78,5.4,,,2-3 (fixture note),,,,,,,,,,,,,,,,,,,,,,,,
r7_onset_up50_scm,45.1,0.0,,225.0,1.0,0.05,0.942,1.762,,,,12.94,6.5,13.7,,,,,,,,,,,,,,,,,,,,,,,,,,,,0.62,1.19,0.027,0.73,0.02,,,,grey,,,,0.9,,,,7.09,229.0,1.01,,,,1.15,,3.11,,,,,compare with r7_onset_down_scm,,,,,,,,,,,,,,,,,,,,,,,,
r7_onset_up_scm,45.2,0.0,8.34,225.0,1.0,0.0,0.982,2.026,,,,11.01,10.0,13.7,,,,,,,,,,,,,,,,,,,,,,,,,,,,0.92,8.61,0.05,0.35,0.036,,,,grey,,,6.57,0.9,,,,9.83,223.0,1.17,,,,1.17,3.06,,1.77,8.34,,8.19,4-7 (fixture note),,,,,,,,,,,,,,,,,,,,,,,,
r7_spacebrake_nose,43.9,0.0,,224.0,0.0,-1.15,0.762,1.253,1.735,2.332,3.197,20.34,0.0,18.6,519.0,18.69,8.91,3.64,224.0,11.2,3.77,4.48,518.0,494.0,429.0,360.5,318.5,236.0,224.0,,1.31,3.46,4.41,4.87,5.12,5.22,12.77,4.27,224.0,-1.0,9.5,0.0,0.03,0.026,0.03,0.037,,,,,,,,,,,,,,,,,,,,,,,,,,?,,,,,,,,,,,,,,,,,,,,,,,
r7_tank_cycle,45.1,0.0,,224.0,0.0,-0.0,1.05,1.843,3.034,3.034,3.034,0.98,0.0,8.1,391.0,11.7,1.85,5.04,224.0,7.47,0.59,1.25,391.0,384.0,334.5,235.0,224.0,224.0,224.0,224.0,0.01,1.34,1.75,1.95,2.05,2.1,9.7,9.95,224.0,-1.0,26.5,0.11,13.14,0.074,0.1,0.056,,2.92,2.75,red,224.0,,2.06,0.9,,,,,,,,,,,,,,,,,,,4.8,4.0,25,,,,,,,,,,,,,,,,,,,,
r8_scm_f0_up_r100,44.5,0.0,,61.0,56.0,21.58,,,,,,0.03,10.0,10.0,,,,,,,,,,,,,,,,,,,,,,,,,,,,1.0,8.58,0.001,0.29,0.001,,,,,,,,,,,,,,,,,,,,,,,,,,,,,,roll,200.0,10.0,0.4,0.82,11,7,0,4,5,1,0,11.09,3,2.0:c:cut 3.2:c:cut 4.5:c:cut 6.7:c:cut 7.8:cD:blind 8.6:cD:blind 9.4:cD:blind 10.3:cD:blind 11.1:cD:cut 12.5:c:cut 13.7:c:cut,?,?,?,,
r8_scm_f0_up_r25,44.0,0.0,,1.0,0.0,0.0,1.253,,,,,,,10.0,,,,,,,,,,,,,,,,,,,,,,,,,,,,0.09,0.33,0.005,0.25,0.0,,,,,,,,,,,,,,,,,,,,,,,,,,,,,,roll,49.9,9.49,0.38,0.22,8,6,2,0,1,1,0,6.67,3,2.0:c:cut 3.3:c:cut 4.5:c:cut 6.7:cD:cut 7.9:c:cut 10.1:c:ignored 11.9:c:ignored 13.7:c:cut,?,?,?,10.08,13.72
